"doc_id","text"
1396786383226753024,"peringatan cuaca wilayah sumatera selatan mei selengkapnya klik tautan "
1396785310688714752," dirasakan magnitudo kedalaman km mei wib koordinat ls bt pusat gempa darat km barat laut lampung barat dirasakan mmi ii liwa "
1396785259694284800," mag mei wib lok ls bt pusat gempa darat km barat laut lampung barat kedlmn km dirasakan mmi ii liwa "
1396782478963011584,"peringatan cuaca wilayah jambi mei selengkapnya klik tautan "
1396776002370498560,"peringatan cuaca wilayah kalimantan mei selengkapnya klik tautan "
1396770700736688128,"peringatan cuaca wilayah sumatera barat mei selengkapnya klik tautan "
1396770384096075776,"peringatan cuaca wilayah sulawesi utara mei selengkapnya klik tautan "
1396770043673812992,"peringatan cuaca wilayah kalimantan utara mei selengkapnya klik tautan "
1396767810483720192,"update prakiraan cuaca esok selasa mei informasi selengkapnya unduh aplikasi info bmkg playstore appstore "
1396767736563265536,"peringatan cuaca wilayah lampung mei selengkapnya klik tautan "
1396762987541581824,"peringatan cuaca wilayah bengkulu mei selengkapnya klik tautan "
1396762135435243520,"peringatan cuaca wilayah jawa timur mei selengkapnya klik tautan "
1396756941934788608,"peringatan cuaca wilayah sumatera selatan mei selengkapnya klik tautan "
1396756474076876800,"peringatan cuaca wilayah jawa mei selengkapnya klik tautan "
1396756371446456320,"update peringatan cuaca wilayah jawa tgl mei pkl wib prakirawan bmkg jawa "
1396755185934888960,"peringatan cuaca wilayah jabodetabek mei selengkapnya klik tautan "
1396754207156277248,"update peringatan cuaca wilayah jabodetabek tgl mei pkl wib prakirawan bmkg pusat "
1396753727478845440,"peringatan cuaca wilayah kalimantan mei selengkapnya klik tautan "
1396750036420100096,"peringatan cuaca wilayah banten mei selengkapnya klik tautan "
1396747589651820544,"update peringatan cuaca wilayah banten tgl mei pkl wib prakirawan bmkg banten "
1396747328527106048,"peringatan cuaca wilayah kalimantan mei selengkapnya klik tautan "
1396744461196038144,"update peringatan cuaca wilayah jawa barat tgl mei pkl wib prakirawan bmkg jawa barat "
1396743121933766656,"peringatan cuaca wilayah jambi mei selengkapnya klik tautan "
1396742347317121024,"peringatan cuaca wilayah nusa tenggara barat mei selengkapnya klik tautan "
1396737889371791360,"peringatan cuaca wilayah gorontalo mei selengkapnya klik tautan "
1396737193557725184,"peringatan cuaca wilayah kepulauan riau mei selengkapnya klik tautan "
1396735511176175616,"peringatan cuaca wilayah jawa timur mei selengkapnya klik tautan "
1396733787841519616,"peringatan cuaca wilayah sumatera barat mei selengkapnya klik tautan "
1396732367994191872,"peringatan cuaca wilayah lampung mei selengkapnya klik tautan "
1396730743179550720,"peringatan cuaca wilayah sulawesi barat mei selengkapnya klik tautan "
1396728949086982144,"peringatan cuaca wilayah sumatera selatan mei selengkapnya klik tautan "
1396728151904903168,"peringatan cuaca wilayah kalimantan mei selengkapnya klik tautan "
1396722664576720896,"peringatan cuaca wilayah sulawesi utara mei selengkapnya klik tautan "
1396721789342937088,"peringatan cuaca wilayah sulawesi utara mei selengkapnya klik tautan "
1396721787690307584,"peringatan cuaca wilayah jabodetabek mei selengkapnya klik tautan "
1396720434893058048,"peringatan cuaca wilayah kepulauan riau mei selengkapnya klik tautan "
1396719795916083200,"peringatan cuaca wilayah jawa mei selengkapnya klik tautan "
1.396719738928e+18,"update peringatan cuaca wilayah jabodetabek tgl mei pkl wib prakirawan bmkg pusat "
1396719432794136576,"update peringatan cuaca wilayah jawa tgl mei pkl wib prakirawan bmkg jawa "
1396716557321981952,"peringatan cuaca wilayah jawa timur mei selengkapnya klik tautan "
1396716184821669888,"peringatan cuaca wilayah kalimantan mei selengkapnya klik tautan "
1396713449187528704,""
1396713315770900480,"halo sobat bmkg mari berjemur yuk lihat prakiraan cuaca esok sd wib unduh aplikasi infobmkg appstore playstore "
1396712359092129792,"peringatan cuaca wilayah kalimantan selatan mei selengkapnya klik tautan "
1396712266691612672,""
1396712126874488832,"halo sobat bmkg mari cek potensi curah hujan wilayah indonesia tanggal mei waspada sobat "
1396711244493512704,""
1396711100612182016,"halo sobat bmkg mari cek potensi curah hujan wilayah jabodetabek tanggal mei waspada sobat "
1396710934027010048,"peringatan cuaca wilayah sulawesi tenggara mei selengkapnya klik tautan "
1396705969002881024,"peringatan cuaca wilayah kepulauan bangka belitung mei selengkapnya klik tautan "
1396704520806141952,"update peringatan cuaca wilayah jawa barat tgl mei pkl wib prakirawan bmkg jawa barat "
1396702195538546688,"halo sobat bmkg peringatan cuaca mei "
1.396699010145e+18,"peringatan cuaca wilayah jabodetabek mei selengkapnya klik tautan "
1396696615759466496,"peringatan cuaca wilayah kepulauan riau mei selengkapnya klik tautan "
1396696350490730496,"update peringatan cuaca wilayah jabodetabek tgl mei pkl wib prakirawan bmkg pusat "
1396696219586420736," dirasakan magnitudo kedalaman km mei wib koordinat ls bt pusat gempa darat km baratlaut lampung dirasakan mmi ii liwa "
1396696148354555904," mag mei wib lok ls bt pusat gempa darat km baratlaut lampung kedlmn km dirasakan mmi ii liwa "
1396694546063396864,"peringatan cuaca wilayah gorontalo mei selengkapnya klik tautan "
1396686020620427264,"peringatan cuaca wilayah maluku mei selengkapnya klik tautan "
1396682670051008512,"peringatan cuaca wilayah sulawesi utara mei selengkapnya klik tautan "
1396672035091206144,"peringatan cuaca wilayah kepulauan bangka belitung mei selengkapnya klik tautan "
1396663353158733824,"peringatan cuaca wilayah sulawesi tenggara mei selengkapnya klik tautan "
1396658856281862144,"peringatan cuaca wilayah sulawesi utara mei selengkapnya klik tautan "
1396656325967323136,"peringatan cuaca wilayah maluku mei selengkapnya klik tautan "
1396647986315227136,""
1396647799517712384,"halo sobat bmkg prakiraan cuaca esok wilayah dki jakarta perkecamatan diakses link unduh aplikasi infobmkg appstore playstore "
1396632265426292736,"peringatan cuaca wilayah bali mei selengkapnya klik tautan "
1396618383626432512,"peringatan cuaca wilayah sulawesi utara mei selengkapnya klik tautan "
1396614563542433792," mag mei wib lok ls bt pusat gempa laut km barat daya masohi maluku kedlmn km dirasakan mmi iii saparua "
1396614553232830464," dirasakan magnitudo kedalaman km mei wib koordinat ls bt pusat gempa laut km barat daya masohi maluku dirasakan mmi iii saparua "
1396613185604448256,"peringatan cuaca wilayah gorontalo mei selengkapnya klik tautan "
1396608379489984512,"peringatan cuaca wilayah maluku mei selengkapnya klik tautan "
1396607806652833792,"peringatan cuaca wilayah maluku mei selengkapnya klik tautan "
1396599617735651328,"peringatan cuaca wilayah kepulauan bangka belitung mei selengkapnya klik tautan "
1396565753193664512,"peringatan cuaca wilayah maluku mei selengkapnya klik tautan "
1396543129742807040,"update peringatan cuaca wilayah jabodetabek tgl mei pkl wib prakirawan bmkg pusat "
1396542332573343744,"peringatan cuaca wilayah jabodetabek mei selengkapnya klik tautan "
1396526199577346048,"peringatan cuaca wilayah maluku mei selengkapnya klik tautan "
1396521287690850304," dirasakan magnitudo kedalaman km mei wib koordinat ls bt pusat gempa darat km timur laut alor dirasakan mmi iiiii kalabahi ii pangururan "
1396521236180520960," mag mei wib lok ls bt pusat gempa darat km timur laut alor kedlmn km dirasakan mmi iiiii kalabahi ii pangururan "
1396502286856167424," dirasakan magnitudo kedalaman km mei wib koordinat ls bt pusat gempa darat km timur laut alor dirasakan mmi iiiii kalabahi "
1396502235396206592," mag mei wib lok ls bt pusat gempa darat km timur laut alor kedlmn km dirasakan mmi iiiii kalabahi "
1396499482934611968,"peringatan cuaca wilayah kalimantan utara mei selengkapnya klik tautan "
1396493979856695296,"peringatan cuaca wilayah sumatera selatan mei selengkapnya klik tautan "
1396483884410306560,"peringatan cuaca wilayah maluku mei selengkapnya klik tautan "
1396478623415033856,"update peringatan cuaca wilayah jabodetabek tgl mei pkl wib prakirawan bmkg pusat "
1396477903748042752,"peringatan cuaca wilayah jabodetabek mei selengkapnya klik tautan "
1396472951533305856,"peringatan cuaca wilayah sulawesi utara mei selengkapnya klik tautan "
1396466586937020416,"update peringatan cuaca wilayah jawa barat tgl mei pkl wib prakirawan bmkg jawa barat "
1396460268209655808,"peringatan cuaca wilayah sumatera selatan mei selengkapnya klik tautan "
1396456237101842432,"peringatan cuaca wilayah jawa timur mei selengkapnya klik tautan "
1396446075007868928,"peringatan cuaca wilayah kalimantan utara mei selengkapnya klik tautan "
1396444637632417792,"peringatan cuaca wilayah maluku mei selengkapnya klik tautan "
1396437476097421312,"peringatan cuaca wilayah sumatera selatan mei selengkapnya klik tautan "
1396433166106206208,"peringatan cuaca wilayah lampung mei selengkapnya klik tautan "
1396430302734553088,"peringatan cuaca wilayah jawa mei selengkapnya klik tautan "
1396429798637932544,"update peringatan cuaca wilayah jawa tgl mei pkl wib prakirawan bmkg jawa "
1396429343396491264,"peringatan cuaca wilayah papua mei selengkapnya klik tautan "
1396419567451185152,"update peringatan cuaca wilayah jawa barat tgl mei pkl wib prakirawan bmkg jawa barat "
1396413977157009408,"peringatan cuaca wilayah jawa mei selengkapnya klik tautan "
1396413612390977536,"peringatan cuaca wilayah jawa timur mei selengkapnya klik tautan "
1396412643297005568,"update peringatan cuaca wilayah jawa tgl mei pkl wib prakirawan bmkg jawa "
1396410509411291136,"peringatan cuaca wilayah maluku mei selengkapnya klik tautan "
1396409501356478464,"peringatan cuaca wilayah sulawesi tenggara mei selengkapnya klik tautan "
1396408839386263552,"peringatan cuaca wilayah kalimantan mei selengkapnya klik tautan "
1396407231055237120,"peringatan cuaca wilayah jabodetabek mei selengkapnya klik tautan "
1396407041820807168,"update peringatan cuaca wilayah jabodetabek tgl mei pkl wib prakirawan bmkg pusat "
1396400039639932928,"peringatan cuaca wilayah lampung mei selengkapnya klik tautan "
1396399889873981440,"peringatan cuaca wilayah papua barat mei selengkapnya klik tautan "
1396399426650861568,"peringatan cuaca wilayah banten mei selengkapnya klik tautan "
1396398449650667520,"update peringatan cuaca wilayah banten tgl mei pkl wib prakirawan bmkg banten "
1396397414278320128,"peringatan cuaca wilayah maluku mei selengkapnya klik tautan "
1396394646012526592,"peringatan cuaca wilayah nusa tenggara barat mei selengkapnya klik tautan "
1396390944019161088,"peringatan cuaca wilayah kepulauan bangka belitung mei selengkapnya klik tautan "
1396389980876902400,"peringatan cuaca wilayah jawa timur mei selengkapnya klik tautan "
1396382482384130048,"update prakiraan cuaca esok senin mei informasi selengkapnya unduh aplikasi info bmkg playstore appstore "
1396382154209124352,""
1396382058293850112,"halo sobat bmkg mari cek potensi curah hujan wilayah jabodetabek tanggal mei waspada sobat "
1396381592470245376,""
1396381508802289664,"halo sobat bmkg mari cek potensi curah hujan wilayah indonesia tanggal mei waspada sobat "
1396381377025613824,""
1396381215259693056,"halo sobat bmkg mari berjemur yuk lihat prakiraan cuaca esok sd wib unduh aplikasi infobmkg appstore playstore "
1396381008635723776,"halo sobat bmkg peringatan cuaca mei "
1396380860174114816,""
1396380849440886784,"update peringatan cuaca wilayah jawa tgl mei pkl wib prakirawan bmkg jawa "
1396380765454180352,"halo sobat bmkg prakiraan cuaca esok wilayah dki jakarta perkecamatan diakses link unduh aplikasi infobmkg appstore playstore "
1396379841037885440,"update peringatan cuaca wilayah jawa barat tgl mei pkl wib prakirawan bmkg jawa barat "
1396379176274337792,"peringatan cuaca wilayah kalimantan mei selengkapnya klik tautan "
1396374853599449088,"peringatan cuaca wilayah kalimantan selatan mei selengkapnya klik tautan "
1396370596590592000,"peringatan cuaca wilayah lampung mei selengkapnya klik tautan "
1396370513073565696,"peringatan cuaca wilayah maluku mei selengkapnya klik tautan "
1396368738090291200,"peringatan cuaca wilayah kepulauan bangka belitung mei selengkapnya klik tautan "
1396368349689368576,"peringatan cuaca wilayah sulawesi tenggara mei selengkapnya klik tautan "
1396363774945218560,"peringatan cuaca wilayah gorontalo mei selengkapnya klik tautan "
1396360856548507648,"update peringatan cuaca wilayah jabodetabek tgl mei pkl wib prakirawan bmkg pusat "
1396360798188883968,"peringatan cuaca wilayah jabodetabek mei selengkapnya klik tautan "
1396358443590590464,"peringatan cuaca wilayah kepulauan bangka belitung mei selengkapnya klik tautan "
1396357985769644032,"peringatan cuaca wilayah banten mei selengkapnya klik tautan "
1396357261702823936,"peringatan cuaca wilayah papua barat mei selengkapnya klik tautan "
1396356885062713344,"update peringatan cuaca wilayah banten tgl mei pkl wib prakirawan bmkg banten "
1396355426308923392,"peringatan cuaca wilayah jawa timur mei selengkapnya klik tautan "
1396352604192473088,"peringatan cuaca wilayah jawa mei selengkapnya klik tautan "
1396351439945945088,"update peringatan cuaca wilayah jawa tgl mei pkl wib prakirawan bmkg jawa "
1396345068424888320,"peringatan cuaca wilayah kalimantan selatan mei selengkapnya klik tautan "
1396344113616670720,"update peringatan cuaca wilayah jabodetabek tgl mei pkl wib prakirawan bmkg pusat "
1396342461576871936,"peringatan cuaca wilayah lampung mei selengkapnya klik tautan "
1396340508436295680,"peringatan cuaca wilayah gorontalo mei selengkapnya klik tautan "
1396340376709918720,"peringatan cuaca wilayah kalimantan timur mei selengkapnya klik tautan "
1396339026802614272,"peringatan cuaca wilayah nusa tenggara barat mei selengkapnya klik tautan "
1396337733509865472,"peringatan cuaca wilayah jawa timur mei selengkapnya klik tautan "
1396329903209943040,"peringatan cuaca wilayah kepulauan bangka belitung mei selengkapnya klik tautan "
1396328028045598720,"peringatan cuaca wilayah maluku mei selengkapnya klik tautan "
1396327169886883840,"update peringatan cuaca wilayah jabodetabek tgl mei pkl wib prakirawan bmkg pusat "
1396326971827646464,"peringatan cuaca wilayah jabodetabek mei selengkapnya klik tautan "
1396315581905727488,"peringatan cuaca wilayah gorontalo mei selengkapnya klik tautan "
1396313926283927552," mag mei wib lok ls bt km baratlaut sumurbanten kedlmn km tdk berpotensi tsunami "
1396313912618881024," magnitudo kedalaman km mei wib koordinat ls bt km baratlaut sumurbanten berpotensi tsunami "
1396313032335060992," magnitudo kedalaman km mei wib koordinat ls bt km baratlaut sumurbanten berpotensi tsunami "
1396313014509326336," mag mei wib lok ls bt km baratlaut sumurbanten kedlmn km tdk berpotensi tsunami "
1396297437900275712,"peringatan cuaca wilayah maluku mei selengkapnya klik tautan "
1396291681213829120,"peringatan cuaca wilayah kalimantan timur mei selengkapnya klik tautan "
1396286732941754368," magnitudo kedalaman km mei wib koordinat lu bt km timurlaut melonguanesulut berpotensi tsunami "
1396286631695437824," mag mei wib lok lu bt km timurlaut melonguanesulut kedlmn km tdk berpotensi tsunami "
1396285770730598400,"peringatan cuaca wilayah kepulauan riau mei selengkapnya klik tautan "
1396285183188369408,"peringatan cuaca wilayah kepulauan riau mei selengkapnya klik tautan "
1396269829372342272,"peringatan cuaca wilayah kalimantan mei selengkapnya klik tautan "
1396269568977375232,"peringatan cuaca wilayah kalimantan selatan mei selengkapnya klik tautan "
1396264779170205696,"peringatan cuaca wilayah kepulauan bangka belitung mei selengkapnya klik tautan "
1396245779103186944,"peringatan cuaca wilayah kepulauan bangka belitung mei selengkapnya klik tautan "
1396244691432005632,"peringatan cuaca wilayah kalimantan mei selengkapnya klik tautan "
1396233857829990400,"peringatan cuaca wilayah sulawesi utara mei selengkapnya klik tautan "
1396230011087065088,"peringatan cuaca wilayah kalimantan timur mei selengkapnya klik tautan "
1396214503893655552," dirasakan magnitudo kedalaman km mei wib koordinat ls bt pusat gempa darat km barat laut bukit dirasakan mmi iii bukit "
1396214405059149824," mag mei wib lok ls bt pusat gempa darat km barat laut bukit kedlmn km dirasakan mmi iii bukit "
1396211644783636480,"peringatan cuaca wilayah kalimantan mei selengkapnya klik tautan "
1396210085420883968,"peringatan cuaca wilayah kalimantan mei selengkapnya klik tautan "
1396209277409263616,"peringatan cuaca wilayah kalimantan timur mei selengkapnya klik tautan "
1396194118636761088," dirasakan magnitudo kedalaman km mei wib koordinat ls bt pusat gempa darat km timur laut bukittinggi dirasakan mmi ii bukittinggi "
1396194111074365440," mag mei wib lok ls bt pusat gempa darat km timur laut bukittinggi kedlmn km dirasakan mmi ii bukittinggi "
1396165056535040000,"peringatan cuaca wilayah kalimantan mei selengkapnya klik tautan "
1396160102000861184,"peringatan cuaca wilayah kalimantan mei selengkapnya klik tautan "
1396157560965636096,"peringatan cuaca wilayah kalimantan barat mei selengkapnya klik tautan "
1396152234010759168,"peringatan cuaca wilayah jawa timur mei selengkapnya klik tautan "
1396145798237233152," dirasakan magnitudo kedalaman km mei wib koordinat ls bt pusat gempa laut km barat daya kabupaten bandung dirasakan mmi iiiii cimaung "
1396145761822199808," mag mei wib lok ls bt pusat gempa laut km barat daya kabupaten bandung kedlmn km dirasakan mmi iiiii cimaung "
1396141924214398976," prakiraan cuaca pengendalian jalur transportasi darat periode idul fitri wilayah papua barat papua "
1396141808934027264," prakiraan cuaca pengendalian jalur transportasi darat periode idul fitri wilayah papua barat papua "
1396140805731979264," prakiraan cuaca pengendalian jalur transportasi darat periode idul fitri wilayah maluku maluku utara "
1396140667911372800," prakiraan cuaca pengendalian jalur transportasi darat periode idul fitri wilayah maluku maluku utara "
1396139634355163136," prakiraan cuaca pengendalian jalur transportasi darat periode idul fitri wilayah sulawesi "
1396139267718406144," prakiraan cuaca pengendalian jalur transportasi darat periode idul fitri wilayah sulawesi "
1396137787175227392," prakiraan cuaca pengendalian jalur transportasi darat periode idul fitri wilayah bali ntb ntt "
1396137420765110272," prakiraan cuaca pengendalian jalur transportasi darat periode idul fitri wilayah bali ntb ntt "
1396136206295994368," prakiraan cuaca pengendalian jalur transportasi darat periode idul fitri wilayah kalimantan "
1396136072057286656," prakiraan cuaca pengendalian jalur transportasi darat periode idul fitri wilayah kalimantan "
1396134923006734336," prakiraan cuaca pengendalian jalur transportasi darat periode idul fitri wilayah jawa "
1396134732723757056," prakiraan cuaca pengendalian jalur transportasi darat periode idul fitri wilayah jawa "
1396134451965423616,"peringatan cuaca wilayah kalimantan mei selengkapnya klik tautan "
1396133065307541504," prakiraan cuaca pengendalian jalur transportasi darat periode idul fitri wilayah sumatera berlaku besok pagi "
1396132853256122368," prakiraan cuaca pengendalian jalur transportasi darat periode idul fitri wilayah sumatera berlaku besok pagi "
1396130804435091456,"halo sobat bmkg peringatan cuaca mei "
1396130574012588032,"peringatan cuaca wilayah kalimantan utara mei selengkapnya klik tautan "
1396129674699239424," prakiraan cuaca esok wilayah dki jakarta perkecamatan diakses link unduh aplikasi infobmkg appstore playstore "
1396129436714496000," prakiraan cuaca esok wilayah dki jakarta perkecamatan diakses link unduh aplikasi infobmkg appstore playstore "
1396128583001772032,"peringatan cuaca wilayah kalimantan mei selengkapnya klik tautan "
1396126499095269376,"peringatan cuaca wilayah kalimantan barat mei selengkapnya klik tautan "
1396120883471650816," dirasakan magnitudo kedalaman km mei wib koordinat ls bt pusat gempa dilaut km baratlaut waingapu dirasakan mmi ii waingapu "
1396120834347991040," mag mei wib lok ls bt pusat gempa dilaut km baratlaut waingapu kedlmn km dirasakan mmi ii waingapu "
1396115331182039040,"peringatan cuaca wilayah maluku mei selengkapnya klik tautan "
1396104277089611776,"peringatan cuaca wilayah kalimantan mei selengkapnya klik tautan "
1396098527508324352,"peringatan cuaca wilayah kalimantan mei selengkapnya klik tautan "
1396089610229358592,"peringatan cuaca wilayah kalimantan utara mei selengkapnya klik tautan "
1396088522092605440,"peringatan cuaca wilayah kalimantan barat mei selengkapnya klik tautan "
1396085110894600192,"peringatan cuaca wilayah lampung mei selengkapnya klik tautan "
1396081127379533824,"peringatan cuaca wilayah kalimantan mei selengkapnya klik tautan "
1.39607896017e+18,"peringatan cuaca wilayah jawa timur mei selengkapnya klik tautan "
1396073235863666688,"peringatan cuaca wilayah kalimantan mei selengkapnya klik tautan "
1396072545070157824,"peringatan cuaca wilayah maluku mei selengkapnya klik tautan "
1396067983168991232,"peringatan cuaca wilayah jawa barat mei selengkapnya klik tautan "
1396067688477167616,"update peringatan cuaca wilayah jawa barat tgl mei pkl wib prakirawan bmkg jawa barat "
1396066421088522240,"update prakiraan cuaca esok minggu mei informasi selengkapnya unduh aplikasi info bmkg playstore appstore "
1396065041988743168,"peringatan cuaca wilayah kepulauan bangka belitung mei selengkapnya klik tautan "
1396063088550371328,"peringatan cuaca wilayah kalimantan mei selengkapnya klik tautan "
1396060235060572160,"peringatan cuaca wilayah sulawesi barat mei selengkapnya klik tautan "
1396058114894430208,"peringatan cuaca wilayah kalimantan barat mei selengkapnya klik tautan "
1396057208186572800,"update peringatan cuaca wilayah jawa tgl mei pkl wib prakirawan bmkg jawa "
1396051381216169984,"peringatan cuaca wilayah kalimantan mei selengkapnya klik tautan "
1396049543309848576,"peringatan cuaca wilayah lampung mei selengkapnya klik tautan "
1396048190353248256,"peringatan cuaca wilayah sulawesi selatan mei selengkapnya klik tautan "
1396046122116919296,"peringatan cuaca wilayah kalimantan utara mei selengkapnya klik tautan "
1396044353810825216,"peringatan cuaca wilayah maluku mei selengkapnya klik tautan "
1396041485976576000,"peringatan cuaca wilayah sumatera selatan mei selengkapnya klik tautan "
1396038651805532160,"peringatan cuaca wilayah nusa tenggara barat mei selengkapnya klik tautan "
1396034606437081088,"peringatan cuaca wilayah papua mei selengkapnya klik tautan "
1396033028426649600,"peringatan cuaca wilayah kalimantan mei selengkapnya klik tautan "
1396032365894373376,"peringatan cuaca wilayah kepulauan bangka belitung mei selengkapnya klik tautan "
1396032070984429568,"update peringatan cuaca wilayah jawa barat tgl mei pkl wib prakirawan bmkg jawa barat "
1396031619538898944,"peringatan cuaca wilayah jawa barat mei selengkapnya klik tautan "
1396028314037354496,"peringatan cuaca wilayah kalimantan barat mei selengkapnya klik tautan "
1396027084959490048,"update peringatan cuaca wilayah jawa tgl mei pkl wib prakirawan bmkg jawa "
1396024930953617408,"peringatan cuaca wilayah jawa timur mei selengkapnya klik tautan "
1396022448701726720,"peringatan cuaca wilayah jabodetabek mei selengkapnya klik tautan "
1396022016113668096,"peringatan cuaca wilayah sulawesi barat mei selengkapnya klik tautan "
1396021874501382144,"update peringatan cuaca wilayah jabodetabek tgl mei pkl wib prakirawan bmkg pusat "
1396021189416390656,"peringatan cuaca wilayah lampung mei selengkapnya klik tautan "
1396020718966431744," magnitudo kedalaman km mei wib koordinat ls bt km baratdaya engganobengkulu berpotensi tsunami "
1396020629430706176," mag mei wib lok ls bt km baratdaya engganobengkulu kedlmn km tdk berpotensi tsunami "
1396019137155981312,"peringatan cuaca wilayah kepulauan riau mei selengkapnya klik tautan "
1396015876428615680,"peringatan cuaca wilayah banten mei selengkapnya klik tautan "
1396015553572007936,"update peringatan cuaca wilayah banten tgl mei pkl wib prakirawan bmkg banten "
1396014816083333120,"peringatan cuaca wilayah sumatera selatan mei selengkapnya klik tautan "
1396014329095327744,"peringatan cuaca wilayah kalimantan mei selengkapnya klik tautan "
1396013359623901184,"peringatan cuaca wilayah bengkulu mei selengkapnya klik tautan "
1396012243460837376,"peringatan cuaca wilayah kalimantan utara mei selengkapnya klik tautan "
1396011872818655232,"peringatan cuaca wilayah gorontalo mei selengkapnya klik tautan "
1396009102560546816,"peringatan cuaca wilayah maluku mei selengkapnya klik tautan "
1396008739694473216,"peringatan cuaca wilayah sulawesi barat mei selengkapnya klik tautan "
1396008144803811328,"peringatan cuaca wilayah jabodetabek mei selengkapnya klik tautan "
1396007996841365504,"update peringatan cuaca wilayah jabodetabek tgl mei pkl wib prakirawan bmkg pusat "
1396003355772612608,"update peringatan cuaca wilayah yogyakarta tgl mei pkl wib prakirawan bmkg yogyakarta "
1395999509457489920,"peringatan cuaca wilayah lampung mei selengkapnya klik tautan "
1395998792344764416,"peringatan cuaca wilayah kalimantan barat mei selengkapnya klik tautan "
1395996182879506432,"update peringatan cuaca wilayah jawa tgl mei pkl wib prakirawan bmkg jawa "
1395995799088091136,"peringatan cuaca wilayah jawa timur mei selengkapnya klik tautan "
1395994573227188224,"peringatan cuaca wilayah papua mei selengkapnya klik tautan "
1395993292219633664,"peringatan cuaca wilayah kepulauan bangka belitung mei selengkapnya klik tautan "
1395992963289735168,"peringatan cuaca wilayah kalimantan mei selengkapnya klik tautan "
1395992177092694016,"update peringatan cuaca wilayah jawa barat tgl mei pkl wib prakirawan bmkg jawa barat "
1395991733284921344,"peringatan cuaca wilayah jawa barat mei selengkapnya klik tautan "
1395988480652546048,"peringatan cuaca wilayah sumatera selatan mei selengkapnya klik tautan "
1395981856399532032,"peringatan cuaca wilayah sulawesi utara mei selengkapnya klik tautan "
1395981852653985792,"peringatan cuaca wilayah maluku mei selengkapnya klik tautan "
1395981097981251584,"peringatan cuaca wilayah banten mei selengkapnya klik tautan "
1395981074480570368,"peringatan cuaca wilayah papua mei selengkapnya klik tautan "
1395979820111073280,"update peringatan cuaca wilayah banten tgl mei pkl wib prakirawan bmkg banten "
1395977168136544256,"peringatan cuaca wilayah gorontalo mei selengkapnya klik tautan "
1395976635245944832,"peringatan cuaca wilayah gorontalo mei selengkapnya klik tautan "
1395970498782060544,"peringatan cuaca wilayah maluku mei selengkapnya klik tautan "
1395969384183582720,"peringatan cuaca wilayah kalimantan barat mei selengkapnya klik tautan "
1395969171612078080,"peringatan cuaca wilayah lampung mei selengkapnya klik tautan "
1395966727519805440,"peringatan cuaca wilayah gorontalo mei selengkapnya klik tautan "
1395961277466386432,"peringatan cuaca wilayah sumatera selatan mei selengkapnya klik tautan "
1395957363681546240,"peringatan cuaca wilayah kepulauan bangka belitung mei selengkapnya klik tautan "
1395949404201185280,"peringatan cuaca wilayah jabodetabek mei selengkapnya klik tautan "
1395949232268353536,"update peringatan cuaca wilayah jabodetabek tgl mei pkl wib prakirawan bmkg pusat "
1395934862486343680,"peringatan cuaca wilayah kepulauan riau mei selengkapnya klik tautan "
1395931185893703680,"peringatan cuaca wilayah maluku mei selengkapnya klik tautan "
1395926860647714816,"peringatan cuaca wilayah kepulauan bangka belitung mei selengkapnya klik tautan "
1395924344606380032,"peringatan cuaca wilayah papua mei selengkapnya klik tautan "
1395914184332701696,"peringatan cuaca wilayah sulawesi tenggara mei selengkapnya klik tautan "
1395911808662179840,"peringatan cuaca wilayah kepulauan bangka belitung mei selengkapnya klik tautan "
1395883705151877120,"peringatan cuaca wilayah kepulauan bangka belitung mei selengkapnya klik tautan "
1395880757961265152,"peringatan cuaca wilayah maluku mei selengkapnya klik tautan "
1395878259108114432,"peringatan cuaca wilayah sulawesi tenggara mei selengkapnya klik tautan "
1395877900008648704,"peringatan cuaca wilayah jambi mei selengkapnya klik tautan "
1395876483273396224,"peringatan cuaca wilayah riau mei selengkapnya klik tautan "
1395875670861905920,"peringatan cuaca wilayah kepulauan riau mei selengkapnya klik tautan "
1395872317549383680,"peringatan cuaca wilayah bengkulu mei selengkapnya klik tautan "
1395863541165428736,"peringatan cuaca wilayah sumatera selatan mei selengkapnya klik tautan "
1.395857425522e+18,"peringatan cuaca wilayah kepulauan riau mei selengkapnya klik tautan "
1395842571948019712,"peringatan cuaca wilayah maluku mei selengkapnya klik tautan "
1395818360705753088,"peringatan cuaca wilayah riau mei selengkapnya klik tautan "
1395818223111573504,"peringatan cuaca wilayah sumatera selatan mei selengkapnya klik tautan "
1395816981119463424,"peringatan cuaca wilayah jambi mei selengkapnya klik tautan "
1395812086119161856," magnitudo kedalaman km mei wib koordinat ls bt km baratlaut engganobengkulu berpotensi tsunami "
1395807560888901632,"peringatan cuaca wilayah bengkulu mei selengkapnya klik tautan "
1395803147927494656,"peringatan cuaca wilayah sulawesi tenggara mei selengkapnya klik tautan "
1395791730042019840,"peringatan cuaca wilayah sumatera selatan mei selengkapnya klik tautan "
1395779147612438528,"peringatan cuaca wilayah jambi mei selengkapnya klik tautan "
1395778280662310912,"peringatan cuaca wilayah riau mei selengkapnya klik tautan "
1395757297817636864,"peringatan cuaca wilayah sulawesi tenggara mei selengkapnya klik tautan "
1395756226525351936,"peringatan cuaca wilayah bengkulu mei selengkapnya klik tautan "
1395755586231312384," dirasakan magnitudo kedalaman km mei wib koordinat ls bt pusat gempa darat km barat laut bukittinggi dirasakan mmi iiiiv bukittinggi ii iii padang "
1395755545949208576," mag mei wib lok ls bt pusat gempa darat km barat laut bukittinggi kedlmn km dirasakan mmi iiiiv bukittinggi ii iii padang "
1395748827227770880,"peringatan cuaca wilayah jambi mei selengkapnya klik tautan "
1395748695417622528,"peringatan cuaca wilayah sumatera selatan mei selengkapnya klik tautan "
1395738958005374976,"peringatan cuaca wilayah kepulauan riau mei selengkapnya klik tautan "
1395734748023062528,"peringatan cuaca wilayah kalimantan mei selengkapnya klik tautan "
1395733726680666112,"peringatan cuaca wilayah kalimantan barat mei selengkapnya klik tautan "
1395727380686118912,"peringatan cuaca wilayah riau mei selengkapnya klik tautan "
1395726429954871296,"peringatan cuaca wilayah maluku mei selengkapnya klik tautan "
1395723668831883264,"lombok ii surabaya ii purworejo ii karangasembmkg "
1395723667242323968,"ponorogo iii mataram iii trenggalek iii pacitan iii bantul iii sleman iii kulonprogo iii kuta iii denpasar iii gianyar iii lombok barat iii ngawi iii tabanan ii magelang ii cilacap ii pasuruan ii wonogiri ii klaten ii "
1395723664830525440,"info gempa dirasakan mag lokasipusat gempa laut km tenggara blitar waktumei wib kedlmn km gempa dirasakanmmiv blitar iv karangkates iv sawahan iv nganjuk iv lumajang iv tulungagung iv malang iii banyuwangi iii pasuruan iii "
1395722439598870528,"peringatan cuaca wilayah jabodetabek mei selengkapnya klik tautan "
1395722312058433536,"update peringatan cuaca wilayah jabodetabek tgl mei pkl wib prakirawan bmkg pusat "
1395719338481491968,"peringatan cuaca wilayah sumatera selatan mei selengkapnya klik tautan "
1395716440137732096,"peringatan cuaca wilayah jambi mei selengkapnya klik tautan "
1395716103364485120,"peringatan cuaca wilayah kalimantan utara mei selengkapnya klik tautan "
1395715817015181312,"heat wave wilayah indonesia weekly weather outlook eps beredar informasi gelombang panas indonesia mari simak penjelasannya "
1395714313797529600," magnitudo kedalaman km mei wib koordinat ls bt km tenggara kabblitarjatim berpotensi tsunami "
1395712786051649536,"peringatan cuaca wilayah jawa barat mei selengkapnya klik tautan "
1395712261461745664,"peringatan cuaca wilayah kalimantan utara mei selengkapnya klik tautan "
1395711428477083648,"update peringatan cuaca wilayah jawa barat tgl mei pkl wib prakirawan bmkg jawa barat "
1395700375093608448,"peringatan cuaca wilayah kalimantan mei selengkapnya klik tautan "
1395697346894123008,"peringatan cuaca wilayah kepulauan riau mei selengkapnya klik tautan "
1395691180055097344,"peringatan cuaca wilayah sumatera selatan mei selengkapnya klik tautan "
1395688491359477760,"peringatan cuaca wilayah lampung mei selengkapnya klik tautan "
1395686129001590784," mag mei wib lok ls bt pusat gempa didarat km barat laut bukittinggi kedlmn km dirasakan mmi iiiiv bukittinggi iiiiv agam ii padang "
1395686125616832512," dirasakan magnitudo kedalaman km mei wib koordinat ls bt pusat gempa didarat km barat laut bukittinggi dirasakan mmi iiiiv bukittinggi iiiiv agam ii padang "
1395685417685458944,"peringatan cuaca wilayah kalimantan utara mei selengkapnya klik tautan "
1395684329460690944,"peringatan cuaca wilayah riau mei selengkapnya klik tautan "
1395683115591290880,"peringatan cuaca wilayah jawa mei selengkapnya klik tautan "
1395683114593124352,"peringatan cuaca wilayah maluku mei selengkapnya klik tautan "
1395682431148167168,"update peringatan cuaca wilayah jawa tgl mei pkl wib prakirawan bmkg jawa "
1395681585119195136,"peringatan cuaca wilayah sumatera barat mei selengkapnya klik tautan "
1395678908800921600,"update peringatan cuaca wilayah yogyakarta tgl mei pkl wib prakirawan bmkg yogyakarta "
1395673783680180224,"peringatan cuaca wilayah jambi mei selengkapnya klik tautan "
1395673521053782016,"peringatan cuaca wilayah kalimantan selatan mei selengkapnya klik tautan "
1395671967395553280,"peringatan cuaca wilayah jabodetabek mei selengkapnya klik tautan "
1395671437759770624,"update peringatan cuaca wilayah jabodetabek tgl mei pkl wib prakirawan bmkg pusat "
1395669312430436352,"peringatan cuaca wilayah kalimantan mei selengkapnya klik tautan "
1395668901405495296,"peringatan cuaca wilayah jawa timur mei selengkapnya klik tautan "
1395668343432957952,"peringatan cuaca wilayah sumatera selatan mei selengkapnya klik tautan "
1395665653005049856,"peringatan cuaca wilayah bengkulu mei selengkapnya klik tautan "
1395665240017100800,"peringatan cuaca wilayah jawa barat mei selengkapnya klik tautan "
1395664997879980032,"update peringatan cuaca wilayah jawa barat tgl mei pkl wib prakirawan bmkg jawa barat "
1395663287652519936,"peringatan cuaca wilayah kepulauan riau mei selengkapnya klik tautan "
1395662858839420928,"update peringatan cuaca wilayah yogyakarta tgl mei pkl wib prakirawan bmkg yogyakarta "
1395659406977601536,"peringatan cuaca wilayah banten mei selengkapnya klik tautan "
1395658875139805184,"update peringatan cuaca wilayah banten tgl mei pkl wib prakirawan bmkg banten "
1395657917307621376,"peringatan cuaca wilayah jawa mei selengkapnya klik tautan "
1395657808016678912,"update peringatan cuaca wilayah jawa tgl mei pkl wib prakirawan bmkg jawa "
1395653814036795392,"peringatan cuaca wilayah jambi mei selengkapnya klik tautan "
1395653458955362304,"peringatan cuaca wilayah kepulauan bangka belitung mei selengkapnya klik tautan "
1395652129784696832,"update peringatan cuaca wilayah jabodetabek tgl mei pkl wib prakirawan bmkg pusat "
1395652042778054656,"peringatan cuaca wilayah jabodetabek mei selengkapnya klik tautan "
1395651184375914496,"peringatan cuaca wilayah sumatera barat mei selengkapnya klik tautan "
1395645755373670400,"peringatan cuaca wilayah kalimantan barat mei selengkapnya klik tautan "
1395644619539378176,"peringatan cuaca wilayah sumatera selatan mei selengkapnya klik tautan "
1395644052226281472,"peringatan cuaca wilayah sulawesi tenggara mei selengkapnya klik tautan "
1395643688018079744,"peringatan cuaca wilayah lampung mei selengkapnya klik tautan "
1395642844690280448,"peringatan cuaca wilayah riau mei selengkapnya klik tautan "
1395640302052909056,"peringatan cuaca wilayah kalimantan utara mei selengkapnya klik tautan "
1395640169529704448,"peringatan cuaca wilayah maluku mei selengkapnya klik tautan "
1395639733397561344,"peringatan cuaca wilayah kalimantan mei selengkapnya klik tautan "
1395635811777867776,"peringatan cuaca wilayah kalimantan selatan mei selengkapnya klik tautan "
1395635587781074944,""
1395635386353819648,"halo sobat bmkg mari cek potensi curah hujan wilayah jabodetabek tanggal mei waspada sobat "
1395635130383826944,"peringatan cuaca wilayah jawa barat mei selengkapnya klik tautan "
1395634367666348032,"update peringatan cuaca wilayah jawa barat tgl mei pkl wib prakirawan bmkg jawa barat "
1395634315887665152,""
1395634097943244800,"halo sobat bmkg mari cek potensi curah hujan wilayah indonesia tanggal mei waspada sobat "
1395633168955232256,""
1395633008007204864,"halo sobat bmkg mari berjemur yuk lihat prakiraan cuaca esok sd wib unduh aplikasi infobmkg appstore playstore "
1395632060505550848,"halo sobat bmkg peringatan cuaca mei "
1395631450678906880,"peringatan cuaca wilayah jawa mei selengkapnya klik tautan "
1395631417392963584,"update peringatan cuaca wilayah jawa tgl mei pkl wib prakirawan bmkg jawa "
1395631394370457600,"peringatan cuaca wilayah jabodetabek mei selengkapnya klik tautan "
1395631297507168256,"update peringatan cuaca wilayah jabodetabek tgl mei pkl wib prakirawan bmkg pusat "
1395629409256706048,"peringatan cuaca wilayah kepulauan riau mei selengkapnya klik tautan "
1395626526012416000,"peringatan cuaca wilayah bengkulu mei selengkapnya klik tautan "
1395625492175200256,"peringatan cuaca wilayah sulawesi utara mei selengkapnya klik tautan "
1395625345282240512,"peringatan cuaca wilayah banten mei selengkapnya klik tautan "
1395624613363650560,"update peringatan cuaca wilayah banten tgl mei pkl wib prakirawan bmkg banten "
1395622699276271616,"peringatan cuaca wilayah sumatera barat mei selengkapnya klik tautan "
1395611331902857216,"peringatan cuaca wilayah nusa tenggara barat mei selengkapnya klik tautan "
1395609975901155328,"peringatan cuaca wilayah jabodetabek mei selengkapnya klik tautan "
1395609569401860096,"update peringatan cuaca wilayah jabodetabek tgl mei pkl wib prakirawan bmkg pusat "
1395606870920888320,"peringatan cuaca wilayah maluku mei selengkapnya klik tautan "
1395600431191977984,"peringatan cuaca wilayah kepulauan riau mei selengkapnya klik tautan "
1395589338780504064,"peringatan cuaca wilayah kepulauan bangka belitung mei selengkapnya klik tautan "
1395587962444812288,"peringatan cuaca wilayah kepulauan riau mei selengkapnya klik tautan "
1395584446389051392,"update prakiraan cuaca esok sabtu mei link informasi selengkapnya unduh aplikasi info bmkg playstore appstore "
1395584193598353408,"peringatan cuaca wilayah sulawesi utara mei selengkapnya klik tautan "
1395581268960497664,"peringatan cuaca wilayah kalimantan mei selengkapnya klik tautan "
1395578908662112256,"peringatan cuaca wilayah maluku mei selengkapnya klik tautan "
1395561344275865600,"peringatan cuaca wilayah kalimantan timur mei selengkapnya klik tautan "
1395561147709886464,"peringatan cuaca wilayah kepulauan bangka belitung mei selengkapnya klik tautan "
1395560062173601792," prakiraan cuaca esok wilayah dki jakarta perkecamatan diakses link unduh aplikasi infobmkg appstore playstore "
1395558884069179392,"peringatan cuaca wilayah maluku mei selengkapnya klik tautan "
1395556521698742272," prakiraan cuaca pengendalian jalur transportasi darat periode idul fitri wilayah papua berlaku besok pagi diakses "
1395556036266786816," prakiraan cuaca pengendalian jalur transportasi darat periode idul fitri wilayah maluku maluku utara berlaku besok pagi diakses "
1395554613181313024," prakiraan cuaca pengendalian jalur transportasi darat periode idul fitri wilayah bali ntb ntt berlaku besok pagi diakses "
1395553187268943872," prakiraan cuaca pengendalian jalur transportasi darat periode idul fitri wilayah sulawesi berlaku besok pagi diakses "
1395552191914528768," prakiraan cuaca pengendalian jalur transportasi darat periode idul fitri wilayah kalimantan berlaku besok pagi diakses "
1395551744290033664," prakiraan cuaca pengendalian jalur transportasi darat periode idul fitri wilayah jawa berlaku besok pagi diakses "
1395551466341822464," prakiraan cuaca pengendalian jalur transportasi darat periode idul fitri wilayah sumatera berlaku besok pagi diakses "
1395536946047250432,"peringatan cuaca wilayah sulawesi utara mei selengkapnya klik tautan "
1395533546618441728,"peringatan cuaca wilayah kalimantan mei selengkapnya klik tautan "
1395512359804817408,"peringatan cuaca wilayah sulawesi mei selengkapnya klik tautan "
1395507729804849152,"peringatan cuaca wilayah kalimantan mei selengkapnya klik tautan "
1395494865970941952,"peringatan cuaca wilayah kalimantan mei selengkapnya klik tautan "
1395486470639558656,"peringatan cuaca wilayah sulawesi utara mei selengkapnya klik tautan "
1395468526849204224,"peringatan cuaca wilayah sulawesi barat mei selengkapnya klik tautan "
1395451870341042176,"peringatan cuaca wilayah sumatera selatan mei selengkapnya klik tautan "
1395444329091506176,"peringatan cuaca wilayah kalimantan selatan mei selengkapnya klik tautan "
1395441505641271296,"peringatan cuaca wilayah sulawesi barat mei selengkapnya klik tautan "
1.395435259425e+18,"peringatan cuaca wilayah kalimantan mei selengkapnya klik tautan "
1.39543030958e+18,"peringatan cuaca wilayah kalimantan barat mei selengkapnya klik tautan "
1395424800219090944,"peringatan cuaca wilayah kalimantan mei selengkapnya klik tautan "
1395423360604020736,"peringatan cuaca wilayah sulawesi utara mei selengkapnya klik tautan "
1395420379779194880,"peringatan cuaca wilayah sumatera selatan mei selengkapnya klik tautan "
1395415211151020032,"peringatan cuaca wilayah lampung mei selengkapnya klik tautan "
1395410901226770432,"peringatan cuaca wilayah kalimantan mei selengkapnya klik tautan "
1395406491851452416,"peringatan cuaca wilayah sulawesi barat mei selengkapnya klik tautan "
1395405725657038848,"peringatan cuaca wilayah kalimantan utara mei selengkapnya klik tautan "
1395400679959629824,"peringatan cuaca wilayah kalimantan barat mei selengkapnya klik tautan "
1395393983526760448,"peringatan cuaca wilayah kalimantan mei selengkapnya klik tautan "
1395392788468965376,"peringatan cuaca wilayah kepulauan bangka belitung mei selengkapnya klik tautan "
1395390070350180352,"peringatan cuaca wilayah kalimantan utara mei selengkapnya klik tautan "
1395389975487684608,"peringatan cuaca wilayah sumatera selatan mei selengkapnya klik tautan "
1395385657925660672,"peringatan cuaca wilayah sulawesi utara mei selengkapnya klik tautan "
1395384639666020352,"peringatan cuaca wilayah sulawesi mei selengkapnya klik tautan "
1395377842167320576,"peringatan cuaca wilayah kalimantan mei selengkapnya klik tautan "
1395370633274347520,"peringatan cuaca wilayah kalimantan barat mei selengkapnya klik tautan "
1395370350217629696,"peringatan cuaca wilayah gorontalo mei selengkapnya klik tautan "
1395367869324484608,"peringatan cuaca wilayah banten mei selengkapnya klik tautan "
1395367016236601344,"update peringatan cuaca wilayah banten tgl mei pkl wib prakirawan bmkg banten "
1395357799123591168,"peringatan cuaca wilayah kalimantan mei selengkapnya klik tautan "
1395352601663721472,"peringatan cuaca wilayah sumatera barat mei selengkapnya klik tautan "
1395351977844875264,"peringatan cuaca wilayah lampung mei selengkapnya klik tautan "
1395351872303554560,"peringatan cuaca wilayah sulawesi tenggara mei selengkapnya klik tautan "
1395346518941396992,"peringatan cuaca wilayah kepulauan bangka belitung mei selengkapnya klik tautan "
1395343910008852480,"peringatan cuaca wilayah sumatera selatan mei selengkapnya klik tautan "
1395341241919832064,"peringatan cuaca wilayah kalimantan barat mei selengkapnya klik tautan "
1395341071140327424,"peringatan cuaca wilayah gorontalo mei selengkapnya klik tautan "
1395338603169861632,"peringatan cuaca wilayah sulawesi utara mei selengkapnya klik tautan "
1395337929426276352,"peringatan cuaca wilayah sulawesi tenggara mei selengkapnya klik tautan "
1395337565582991360,"peringatan cuaca wilayah maluku mei selengkapnya klik tautan "
1395336819848323072,"peringatan cuaca wilayah kalimantan utara mei selengkapnya klik tautan "
1395336119001128960,"peringatan cuaca wilayah jabodetabek mei selengkapnya klik tautan "
1395333996511318016,"peringatan cuaca wilayah sulawesi selatan mei selengkapnya klik tautan "
1395333866848546816,"update peringatan cuaca wilayah jabodetabek tgl mei pkl wib prakirawan bmkg pusat "
1395332521189994496,"peringatan cuaca wilayah kalimantan mei selengkapnya klik tautan "
1395326345018634240,"peringatan cuaca wilayah kalimantan selatan mei selengkapnya klik tautan "
1395326262780960768,"peringatan cuaca wilayah jambi mei selengkapnya klik tautan "
1395326158376341504,"update prakiraan cuaca esok jumat mei link informasi selengkapnya unduh aplikasi info bmkg playstore appstore "
1395325285780758528,"peringatan cuaca wilayah kalimantan mei selengkapnya klik tautan "
1395321187861876736,"peringatan cuaca wilayah lampung mei selengkapnya klik tautan "
1395320605654745088,"update peringatan cuaca wilayah jawa barat tgl mei pkl wib prakirawan bmkg jawa barat "
1395320463224492032,"peringatan cuaca wilayah gorontalo mei selengkapnya klik tautan "
1395318820743507968,"peringatan cuaca wilayah jawa mei selengkapnya klik tautan "
1395318805354536960,"update peringatan cuaca wilayah jawa tgl mei pkl wib prakirawan bmkg jawa "
1395318023217586176,"peringatan cuaca wilayah sumatera barat mei selengkapnya klik tautan "
1395318021233659904,"peringatan cuaca wilayah papua barat mei selengkapnya klik tautan "
1395311168617472000,"peringatan cuaca wilayah kalimantan barat mei selengkapnya klik tautan "
1395310045324189696,"peringatan cuaca wilayah bengkulu mei selengkapnya klik tautan "
1395309052750557184,"peringatan cuaca wilayah kalimantan utara mei selengkapnya klik tautan "
1395304327808315392,"peringatan cuaca wilayah sumatera selatan mei selengkapnya klik tautan "
1395298314434736128,"peringatan cuaca wilayah maluku mei selengkapnya klik tautan "
1395295777958756352,"peringatan cuaca wilayah kepulauan bangka belitung mei selengkapnya klik tautan "
1395292054326956032,"peringatan cuaca wilayah sulawesi utara mei selengkapnya klik tautan "
1395292012165828608,"peringatan cuaca wilayah kalimantan mei selengkapnya klik tautan "
1395291503325442048,"peringatan cuaca wilayah sulawesi mei selengkapnya klik tautan "
1395290402119241728,"peringatan cuaca wilayah sulawesi selatan mei selengkapnya klik tautan "
1395289875625123840,"peringatan cuaca wilayah kepulauan riau mei selengkapnya klik tautan "
1395289356223488000,"peringatan cuaca wilayah bali mei selengkapnya klik tautan "
1395287289748619264,"peringatan cuaca wilayah gorontalo mei selengkapnya klik tautan "
1395287251924385792,"peringatan cuaca wilayah sulawesi tenggara mei selengkapnya klik tautan "
1395286979433013248,"peringatan cuaca wilayah sulawesi tenggara mei selengkapnya klik tautan "
1395285770911379456,"update peringatan cuaca wilayah jabodetabek tgl mei pkl wib prakirawan bmkg pusat "
1395285598701645824,"peringatan cuaca wilayah kalimantan mei selengkapnya klik tautan "
1395285467151568896,"peringatan cuaca wilayah jabodetabek mei selengkapnya klik tautan "
1395282655982231552,"peringatan cuaca wilayah sumatera barat mei selengkapnya klik tautan "
1395281928522113024,"update peringatan cuaca wilayah yogyakarta tgl mei pkl wib prakirawan bmkg yogyakarta "
1395280189182021632,"peringatan cuaca wilayah kalimantan utara mei selengkapnya klik tautan "
1395279525739569152,"update peringatan cuaca wilayah jawa barat tgl mei pkl wib prakirawan bmkg jawa barat "
1395277478290083840,"peringatan cuaca wilayah kepulauan riau mei selengkapnya klik tautan "
1395274910155436032,"peringatan cuaca wilayah bengkulu mei selengkapnya klik tautan "
1395272651518537728,"peringatan cuaca wilayah kepulauan bangka belitung mei selengkapnya klik tautan "
1395271200054546432,"update peringatan cuaca wilayah yogyakarta tgl mei pkl wib prakirawan bmkg yogyakarta "
1395270779789406208,"peringatan cuaca wilayah bali mei selengkapnya klik tautan "
1395269840353460224,"halo sobat bmkg mari cek potensi curah hujan wilayah jabodetabek tanggal mei waspada sobat "
1395269771906543616,"halo sobat bmkg mari cek potensi curah hujan wilayah jabodetabek tanggal mei waspada sobat "
1395268611959267328,"halo sobat bmkg mari cek potensi curah hujan wilayah indonesia tanggal mei waspada sobat "
1395268549275385856,"halo sobat bmkg mari cek potensi curah hujan wilayah indonesia tanggal mei waspada sobat "
1395267310928109568,"halo sobat bmkg mari berjemur yuk lihat prakiraan cuaca esok sd wib unduh aplikasi infobmkg appstore playstore "
1395267243341062144,"halo sobat bmkg mari berjemur yuk lihat prakiraan cuaca esok sd wib unduh aplikasi infobmkg appstore playstore "
1395265415371100160,"peringatan cuaca wilayah jawa timur mei selengkapnya klik tautan "
1395264785596379136,"peringatan cuaca wilayah jabodetabek mei selengkapnya klik tautan "
1395264738406273024,"update peringatan cuaca wilayah jabodetabek tgl mei pkl wib prakirawan bmkg pusat "
1395263510402142208,"peringatan cuaca wilayah gorontalo mei selengkapnya klik tautan "
1395263053239767040,"peringatan cuaca wilayah jambi mei selengkapnya klik tautan "
1395261186224971776,"peringatan cuaca wilayah sulawesi selatan mei selengkapnya klik tautan "
1395258325604855808,"peringatan cuaca wilayah kalimantan mei selengkapnya klik tautan "
1395257583514963968,"halo sobat bmkg peringatan cuaca mei "
1395257215783641088,"peringatan cuaca wilayah kepulauan riau mei selengkapnya klik tautan "
1395256492555522048,"peringatan cuaca wilayah sulawesi tenggara mei selengkapnya klik tautan "
1.395255634942e+18,"peringatan cuaca wilayah sumatera selatan mei selengkapnya klik tautan "
1395254673200730112,"peringatan cuaca wilayah kalimantan barat mei selengkapnya klik tautan "
1395253992427462656,"peringatan cuaca wilayah maluku mei selengkapnya klik tautan "
1395252063987064832,"peringatan cuaca wilayah jawa timur mei selengkapnya klik tautan "
1395248792258039808,"peringatan cuaca wilayah kalimantan mei selengkapnya klik tautan "
1395247728460853248,"peringatan cuaca wilayah kalimantan selatan mei selengkapnya klik tautan "
1395246128363233280,"peringatan cuaca wilayah gorontalo mei selengkapnya klik tautan "
1395245295827513344,"peringatan cuaca wilayah jambi mei selengkapnya klik tautan "
1395243238030671872,"peringatan cuaca wilayah sulawesi mei selengkapnya klik tautan "
1395242646893842432,"peringatan cuaca wilayah kepulauan bangka belitung mei selengkapnya klik tautan "
1395241405392424960,"peringatan cuaca wilayah lampung mei selengkapnya klik tautan "
1395237809305186304,"peringatan cuaca wilayah sulawesi utara mei selengkapnya klik tautan "
1395235690095382528,"peringatan cuaca wilayah kalimantan mei selengkapnya klik tautan "
1395233608747524096,"peringatan cuaca wilayah kepulauan riau mei selengkapnya klik tautan "
1395224661202333696,"peringatan cuaca wilayah gorontalo mei selengkapnya klik tautan "
1395223507449962496,"peringatan cuaca wilayah sulawesi tenggara mei selengkapnya klik tautan "
1395217767964372992,"peringatan cuaca wilayah kalimantan mei selengkapnya klik tautan "
1395214545291857920,"peringatan cuaca wilayah gorontalo mei selengkapnya klik tautan "
1395210428754501632,"peringatan cuaca wilayah maluku mei selengkapnya klik tautan "
1395209391306022912,"peringatan cuaca wilayah gorontalo mei selengkapnya klik tautan "
1395207617845202944,"peringatan cuaca wilayah kepulauan riau mei selengkapnya klik tautan "
1395205998453788672,"peringatan cuaca wilayah kepulauan bangka belitung mei selengkapnya klik tautan "
1395204278394884096," prakiraan cuaca pengendalian jalur transportasi darat periode idul fitri wilayah jawa berlaku besok pagi "
1395204203270737920," prakiraan cuaca pengendalian jalur transportasi darat periode idul fitri wilayah jawa berlaku besok pagi "
1395203576851427328," prakiraan cuaca pengendalian jalur transportasi darat periode idul fitri wilayah papua papua barat berlaku besok pagi "
1395203489144262656," prakiraan cuaca pengendalian jalur transportasi darat periode idul fitri wilayah papua papua barat berlaku besok pagi "
1395202846413393920," prakiraan cuaca pengendalian jalur transportasi darat periode idul fitri wilayah maluku maluku utara berlaku besok pagi "
1395202770861314048," prakiraan cuaca pengendalian jalur transportasi darat periode idul fitri wilayah maluku maluku utara berlaku besok pagi "
1395202112078811136," prakiraan cuaca pengendalian jalur transportasi darat periode idul fitri wilayah sulawesi berlaku besok pagi "
1395202037671886848," prakiraan cuaca pengendalian jalur transportasi darat periode idul fitri wilayah sulawesi berlaku besok pagi "
1395201433218076672," prakiraan cuaca pengendalian jalur transportasi darat periode idul fitri wilayah bali ntb ntt berlaku besok pagi "
1395201350820978688," prakiraan cuaca pengendalian jalur transportasi darat periode idul fitri wilayah bali ntb ntt berlaku besok pagi "
1395200752692334592," prakiraan cuaca pengendalian jalur transportasi darat periode idul fitri wilayah kalimantan berlaku besok pagi "
1395200609582673920,""
1395200043993374720," prakiraan cuaca pengendalian jalur transportasi darat periode idul fitri wilayah sumatera berlaku besok pagi "
1395199913210703872," prakiraan cuaca pengendalian jalur transportasi darat periode idul fitri wilayah sumatera berlaku besok pagi "
1395198755654103040," prakiraan cuaca esok wilayah dki jakarta perkecamatan diakses link unduh aplikasi infobmkg appstore playstore "
1395198594215337984," prakiraan cuaca esok wilayah dki jakarta perkecamatan diakses link unduh aplikasi infobmkg appstore playstore "
1395197332170309632,"peringatan cuaca wilayah lampung mei selengkapnya klik tautan "
1395196975763447808,"peringatan cuaca wilayah kalimantan timur mei selengkapnya klik tautan "
1395193629468102656,"peringatan cuaca wilayah sulawesi tenggara mei selengkapnya klik tautan "
1395184678865309696,"peringatan cuaca wilayah kalimantan selatan mei selengkapnya klik tautan "
1395180852619878400,"peringatan cuaca wilayah kepulauan bangka belitung mei selengkapnya klik tautan "
1395173433969979392,"peringatan cuaca wilayah kepulauan riau mei selengkapnya klik tautan "
1395154344362737664,"peringatan cuaca wilayah gorontalo mei selengkapnya klik tautan "
1.395122928124e+18,"peringatan cuaca wilayah sulawesi tenggara mei selengkapnya klik tautan "
1395122281383272448,"peringatan cuaca wilayah maluku mei selengkapnya klik tautan "
1395093903561281536," mag mei wib lok ls bt pusat gempa darat km barat laut kab bandung kedlmn km dirasakan mmi iiiii kab bandung "
1395093504066416640," mag mei wib lok ls bt pusat gempa darat km barat laut kab bandung kedlmn km dirasakan mmi iiiii kab bandung "
1395092616501338112,"peringatan cuaca wilayah sulawesi tenggara mei selengkapnya klik tautan "
1395088251233345536,"peringatan cuaca wilayah sumatera selatan mei selengkapnya klik tautan "
1395084777686913024,"peringatan cuaca wilayah sulawesi barat mei selengkapnya klik tautan "
1395078175026139136,"peringatan cuaca wilayah maluku mei selengkapnya klik tautan "
1395065580273606656,"update peringatan cuaca wilayah jabodetabek tgl mei pkl wib prakirawan bmkg pusat "
1395065228841283584,"peringatan cuaca wilayah jabodetabek mei selengkapnya klik tautan "
1395064375543615488,"peringatan cuaca wilayah kepulauan bangka belitung mei selengkapnya klik tautan "
1395062483182751744,"peringatan cuaca wilayah sulawesi barat mei selengkapnya klik tautan "
1395061881178529792,"peringatan cuaca wilayah sulawesi tenggara mei selengkapnya klik tautan "
1395058415261478912,"peringatan cuaca wilayah sumatera selatan mei selengkapnya klik tautan "
1395055319726755840," dirasakan magnitudo kedalaman km mei wib koordinat ls bt pusat gempa darat km barat laut kab bandung dirasakan mmi iiiii kab bandung "
1395055263204339712," mag mei wib lok ls bt pusat gempa darat km barat laut kab bandung kedlmn km dirasakan mmi iiiii kab bandung "
1395040609035907072,"peringatan cuaca wilayah maluku mei selengkapnya klik tautan "
1395039855193706496,"peringatan cuaca wilayah jawa mei selengkapnya klik tautan "
1395039635764518912,"update peringatan cuaca wilayah jawa tgl mei pkl wib prakirawan bmkg jawa "
1395035416156200960,"peringatan cuaca wilayah lampung mei selengkapnya klik tautan "
1395033759938875392,"peringatan cuaca wilayah papua barat mei selengkapnya klik tautan "
1395033604997058560,"peringatan cuaca wilayah sulawesi barat mei selengkapnya klik tautan "
1395033561455943680,"peringatan cuaca wilayah sumatera selatan mei selengkapnya klik tautan "
1395031866646810624,"peringatan cuaca wilayah sulawesi tenggara mei selengkapnya klik tautan "
1395020021387038720,"peringatan cuaca wilayah gorontalo mei selengkapnya klik tautan "
1395019449384660992,"peringatan cuaca wilayah gorontalo mei selengkapnya klik tautan "
1395017742202277888,"peringatan cuaca wilayah sulawesi barat mei selengkapnya klik tautan "
1395012699319246848,"update peringatan cuaca wilayah jawa barat tgl mei pkl wib prakirawan bmkg jawa barat "
1395008262597091328,"peringatan cuaca wilayah gorontalo mei selengkapnya klik tautan "
1395005793863229440,"peringatan cuaca wilayah lampung mei selengkapnya klik tautan "
1395005345374760960,"peringatan cuaca wilayah kalimantan utara mei selengkapnya klik tautan "
1395005090423971840,"peringatan cuaca wilayah jawa mei selengkapnya klik tautan "
1395004732092010496,"update peringatan cuaca wilayah jawa tgl mei pkl wib prakirawan bmkg jawa "
1395002586290290688,"peringatan cuaca wilayah maluku mei selengkapnya klik tautan "
1394988113991290880,"peringatan cuaca wilayah kepulauan riau mei selengkapnya klik tautan "
1394978700295344128,"peringatan cuaca wilayah sulawesi barat mei selengkapnya klik tautan "
1394977553916604416," dirasakan magnitudo kedalaman km mei wib koordinat ls bt pusat gempa darat timur laut luwu timur dirasakan mmi "
1394977523201716224," mag mei wib lok ls bt pusat gempa darat timur laut luwu timur kedlmn km dirasakan mmi "
1394977328103661568,"peringatan cuaca wilayah maluku mei selengkapnya klik tautan "
1394976699222265856,"update peringatan cuaca wilayah jabodetabek tgl mei pkl wib prakirawan bmkg pusat "
1394976602749128704,"peringatan cuaca wilayah jabodetabek mei selengkapnya klik tautan "
1394975606874546176,"peringatan cuaca wilayah kepulauan bangka belitung mei selengkapnya klik tautan "
1394973886886854656,"peringatan cuaca wilayah kepulauan riau mei selengkapnya klik tautan "
1394968292641673216,"peringatan cuaca wilayah kalimantan timur mei selengkapnya klik tautan "
1394967924713086976,"peringatan cuaca wilayah kalimantan utara mei selengkapnya klik tautan "
1394956146633494528,"peringatan cuaca wilayah kepulauan riau mei selengkapnya klik tautan "
1394955826297806848," halo sobat bmkg yuk lihat prakiraan cuaca kota indonesia kebangkitan nasional tanggal mei informasi selengkapnya sobat akses website "
1394955396188606464," halo sobat bmkg yuk lihat prakiraan cuaca kota indonesia kebangkitan nasional tanggal mei informasi selengkapnya sobat akses website "
1394951446320148480,"peringatan cuaca wilayah banten mei selengkapnya klik tautan "
1394951069151629312,"peringatan cuaca wilayah jabodetabek mei selengkapnya klik tautan "
1394951044937838592,"update peringatan cuaca wilayah jabodetabek tgl mei pkl wib prakirawan bmkg pusat "
1394951001803689984,"peringatan cuaca wilayah sumatera barat mei selengkapnya klik tautan "
1394950197097029632,"update peringatan cuaca wilayah banten tgl mei pkl wib prakirawan bmkg banten "
1394945365552504832,"peringatan cuaca wilayah kepulauan bangka belitung mei selengkapnya klik tautan "
1394940840754114560,"peringatan cuaca wilayah maluku mei selengkapnya klik tautan "
1394937591678390272,"peringatan cuaca wilayah jawa timur mei selengkapnya klik tautan "
1394934904073310208,"peringatan cuaca wilayah kalimantan utara mei selengkapnya klik tautan "
1394930850941136896,"peringatan cuaca wilayah riau mei selengkapnya klik tautan "
1.394926057376e+18,"peringatan cuaca wilayah sulawesi tenggara mei selengkapnya klik tautan "
1394924903577526272,"halo sobat bmkg peringatan cuaca mei "
1394919450625810432,"peringatan cuaca wilayah kepulauan bangka belitung mei selengkapnya klik tautan "
1394918415551242240,"peringatan cuaca wilayah sulawesi barat mei selengkapnya klik tautan "
1394917730193530880,"peringatan cuaca wilayah jawa timur mei selengkapnya klik tautan "
1394916383633276928,"peringatan cuaca wilayah nusa tenggara barat mei selengkapnya klik tautan "
1394914080192798720,"peringatan cuaca wilayah kepulauan riau mei selengkapnya klik tautan "
1394913738302517248,"peringatan cuaca wilayah maluku mei selengkapnya klik tautan "
1394907168269168640," tayangan update prakiraan cuaca esok kamis mei informasi selengkapnya diakses unduh aplikasi info bmkg playstore appstore "
1394900144567373824,"peringatan cuaca wilayah nusa tenggara barat mei selengkapnya klik tautan "
1394888153689858048,"peringatan cuaca wilayah nusa tenggara barat mei selengkapnya klik tautan "
1394884683607937024,"peringatan cuaca wilayah maluku mei selengkapnya klik tautan "
1394884115141328896,"peringatan cuaca wilayah kepulauan bangka belitung mei selengkapnya klik tautan "
1394883555872804864," dirasakan magnitudo kedalaman km mei wib koordinat ls bt pusat gempa darat km utara tambaranakab poso dirasakan mmi ii iii tambarana "
1394883545932259328," mag mei wib lok ls bt pusat gempa darat km utara tambaranakab poso kedlmn km dirasakan mmi ii iii tambarana "
1394882743444525056," halo sobat bmkg mari cek potensi curah hujan wilayah indonesia tanggal mei waspada sobat "
1394882559364898816," halo sobat bmkg mari cek potensi curah hujan wilayah indonesia tanggal mei waspada sobat "
1394882343328837632," halo sobat bmkg mari cek potensi curah hujan wilayah jabodetabek tanggal mei waspada sobat "
1394882196947705856," halo sobat bmkg mari cek potensi curah hujan wilayah jabodetabek tanggal mei waspada sobat "
1394881830193561600,"peringatan cuaca wilayah jawa timur mei selengkapnya klik tautan "
1394880810726006784," halo sobat bmkg mari berjemur yuk lihat prakiraan cuaca esok sd wib unduh aplikasi infobmkg appstore playstore "
1394880517393117184," halo sobat bmkg mari berjemur yuk lihat prakiraan cuaca esok sd wib unduh aplikasi infobmkg appstore playstore "
1394876198346317824,"peringatan cuaca wilayah kepulauan riau mei selengkapnya klik tautan "
1394865717447565312,"peringatan cuaca wilayah kalimantan mei selengkapnya klik tautan "
1394864710219010048,"peringatan cuaca wilayah kepulauan bangka belitung mei selengkapnya klik tautan "
1394861902124126208,"peringatan cuaca wilayah jawa timur mei selengkapnya klik tautan "
1394860217519599616,"peringatan cuaca wilayah kepulauan riau mei selengkapnya klik tautan "
1394853856211869696,"peringatan cuaca wilayah maluku mei selengkapnya klik tautan "
1394836623334854656,"peringatan cuaca wilayah kepulauan riau mei selengkapnya klik tautan "
1394836328869625856,"peringatan cuaca wilayah gorontalo mei selengkapnya klik tautan "
1394833447412109312,"peringatan cuaca wilayah kalimantan selatan mei selengkapnya klik tautan "
1394829782374772736,"peringatan cuaca wilayah kalimantan mei selengkapnya klik tautan "
1394829064565706752," prakiraan cuaca esok wilayah dki jakarta perkecamatan diakses link unduh aplikasi infobmkg appstore playstore "
1394828837498753024," prakiraan cuaca esok wilayah dki jakarta perkecamatan diakses link unduh aplikasi infobmkg appstore playstore "
1394827447355404288,"peringatan cuaca wilayah gorontalo mei selengkapnya klik tautan "
1394825345426083840,"peringatan cuaca wilayah maluku mei selengkapnya klik tautan "
1394824236988911616,"peringatan cuaca wilayah sulawesi utara mei selengkapnya klik tautan "
1394818798666977280,"peringatan cuaca wilayah gorontalo mei selengkapnya klik tautan "
1394810440283156480,"peringatan cuaca wilayah kepulauan bangka belitung mei selengkapnya klik tautan "
1394805289954668544,"peringatan cuaca wilayah kalimantan barat mei selengkapnya klik tautan "
1394803039932862464,"peringatan cuaca wilayah gorontalo mei selengkapnya klik tautan "
1394798647498330112,"peringatan cuaca wilayah kalimantan selatan mei selengkapnya klik tautan "
1394794759143641088,"peringatan cuaca wilayah kepulauan riau mei selengkapnya klik tautan "
1394794329579810816,"peringatan cuaca wilayah sulawesi utara mei selengkapnya klik tautan "
1394784752465453056,"peringatan cuaca wilayah kepulauan bangka belitung mei selengkapnya klik tautan "
1394778422870609920,"peringatan cuaca wilayah maluku mei selengkapnya klik tautan "
1394774499292160000,"peringatan cuaca wilayah kalimantan barat mei selengkapnya klik tautan "
1394767919985299456,"peringatan cuaca wilayah kalimantan selatan mei selengkapnya klik tautan "
1394765486601035776,"peringatan cuaca wilayah kalimantan mei selengkapnya klik tautan "
1394755332157571072,"peringatan cuaca wilayah sulawesi utara mei selengkapnya klik tautan "
1394750590303961088,"peringatan cuaca wilayah maluku mei selengkapnya klik tautan "
1394741582155243520,"peringatan cuaca wilayah kalimantan mei selengkapnya klik tautan "
1394739475138244608," dirasakan magnitudo kedalaman km mei wib koordinat ls bt pusat gempa darat km barat laut bukittinggi dirasakan mmi ii bukittinggi "
1394739429655203840," mag mei wib lok ls bt pusat gempa darat km barat laut bukittinggi kedlmn km dirasakan mmi ii bukittinggi "
1394736006700486656,"peringatan cuaca wilayah kalimantan barat mei selengkapnya klik tautan "
1394734489138384896,"peringatan cuaca wilayah kepulauan riau mei selengkapnya klik tautan "
1394728507284942848,"peringatan cuaca wilayah kalimantan timur mei selengkapnya klik tautan "
1394709829172662272,"peringatan cuaca wilayah sulawesi utara mei selengkapnya klik tautan "
1.39470886874e+18,"peringatan cuaca wilayah kalimantan selatan mei selengkapnya klik tautan "
1394698994874425344,"peringatan cuaca wilayah kalimantan barat mei selengkapnya klik tautan "
1394697132284645376,"peringatan cuaca wilayah kepulauan riau mei selengkapnya klik tautan "
1394696314928066560," dirasakan magnitudo kedalaman km mei wib koordinat ls bt pusat gempa laut km barat ambon dirasakan mmi iii ambon "
1394696302596812800," mag mei wib lok ls bt pusat gempa laut km barat ambon kedlmn km dirasakan mmi iii ambon "
1394691317498712064,"peringatan cuaca wilayah kalimantan mei selengkapnya klik tautan "
1394682478506303488,"peringatan cuaca wilayah kepulauan riau mei selengkapnya klik tautan "
1394677923605475328,"peringatan cuaca wilayah kalimantan selatan mei selengkapnya klik tautan "
1394667328638390272,"peringatan cuaca wilayah sulawesi mei selengkapnya klik tautan "
1.394664729424e+18," dirasakan magnitudo kedalaman km mei wib koordinat lu bt pusat gempa darat km timur samosir dirasakan mmi ii samosir "
1394664642186645504," mag mei wib lok lu bt pusat gempa darat km timur samosir kedlmn km dirasakan mmi ii samosir "
1394664505632722944,"peringatan cuaca wilayah kalimantan timur mei selengkapnya klik tautan "
1394663346289315840," dirasakan magnitudo kedalaman km mei wib koordinat lu bt pusat gempa darat km timur samosir dirasakan mmi ii samosir "
1394663274197643264," mag mei wib lok lu bt pusat gempa darat km timur samosir kedlmn km dirasakan mmi ii samosir "
1394661144048988160,"peringatan cuaca wilayah maluku mei selengkapnya klik tautan "
1394661097672646656,"peringatan cuaca wilayah kalimantan barat mei selengkapnya klik tautan "
1394659105025921024,"peringatan cuaca wilayah kepulauan riau mei selengkapnya klik tautan "
1394658812074680320,"peringatan cuaca wilayah kalimantan mei selengkapnya klik tautan "
1394657814279114752,"peringatan cuaca wilayah jawa mei selengkapnya klik tautan "
1394657152262819840,"update peringatan cuaca wilayah jawa tgl mei pkl wib prakirawan bmkg jawa "
1394651816399306752,"peringatan cuaca wilayah jawa timur mei selengkapnya klik tautan "
1394646293608222720,"peringatan cuaca wilayah kalimantan selatan mei selengkapnya klik tautan "
1394634555412291584,"peringatan cuaca wilayah kalimantan utara mei selengkapnya klik tautan "
1394624872874082304,"peringatan cuaca wilayah kalimantan barat mei selengkapnya klik tautan "
1394623976236675072,"peringatan cuaca wilayah kalimantan mei selengkapnya klik tautan "
1394621113682956288,"peringatan cuaca wilayah maluku mei selengkapnya klik tautan "
1394614501329096704,"peringatan cuaca wilayah kepulauan bangka belitung mei selengkapnya klik tautan "
1394612285264392192," prakiraan cuaca pengendalian jalur transportasi darat periode idul fitri wilayah jawa "
1394612215437660160," prakiraan cuaca pengendalian jalur transportasi darat periode idul fitri wilayah jawa "
1394612045048291328,"peringatan cuaca wilayah sumatera barat mei selengkapnya klik tautan "
1394611717393444864,"peringatan cuaca wilayah sulawesi barat mei selengkapnya klik tautan "
1394611693402005504," prakiraan cuaca pengendalian jalur transportasi darat periode idul fitri wilayah papua barat papua "
1394611616017129472," prakiraan cuaca pengendalian jalur transportasi darat periode idul fitri wilayah papua barat papua "
1394611059122532352," prakiraan cuaca pengendalian jalur transportasi darat periode idul fitri wilayah maluku maluku utara "
1394610984321355776," prakiraan cuaca pengendalian jalur transportasi darat periode idul fitri wilayah maluku maluku utara "
1394610421806473216," prakiraan cuaca pengendalian jalur transportasi darat periode idul fitri wilayah sulawesi "
1394610324230209536," prakiraan cuaca pengendalian jalur transportasi darat periode idul fitri wilayah sulawesi "
1394609778375086080," prakiraan cuaca pengendalian jalur transportasi darat periode idul fitri wilayah bali ntb ntt "
1394609709567545344," prakiraan cuaca pengendalian jalur transportasi darat periode idul fitri wilayah bali ntb ntt "
1394608977858625536," prakiraan cuaca pengendalian jalur transportasi darat periode idul fitri wilayah kalimantan "
1394608898087129088," prakiraan cuaca pengendalian jalur transportasi darat periode idul fitri wilayah kalimantan "
1394608072190881792," prakiraan cuaca pengendalian jalur transportasi darat periode idul fitri wilayah sumatera berlaku besok pagi "
1394607973884850176," prakiraan cuaca pengendalian jalur transportasi darat periode idul fitri wilayah sumatera berlaku besok pagi "
1394606853758193664,"peringatan cuaca wilayah kalimantan timur mei selengkapnya klik tautan "
1394604433833484288,"peringatan cuaca wilayah kalimantan selatan mei selengkapnya klik tautan "
1394599873953951744,"peringatan cuaca wilayah kalimantan mei selengkapnya klik tautan "
1394598210027495424,"peringatan cuaca wilayah riau mei selengkapnya klik tautan "
1394596074594070528," tayangan update prakiraan cuaca esok rabu mei informasi selengkapnya diakses unduh aplikasi info bmkg playstore appstore "
1394594386348937216,"peringatan cuaca wilayah kalimantan barat mei selengkapnya klik tautan "
1394584497153183744,"peringatan cuaca wilayah kepulauan bangka belitung mei selengkapnya klik tautan "
1394580883261116416,"peringatan cuaca wilayah sulawesi barat mei selengkapnya klik tautan "
1394578915285291008,"peringatan cuaca wilayah maluku mei selengkapnya klik tautan "
1394576660540706816,"peringatan cuaca wilayah kalimantan mei selengkapnya klik tautan "
1394571533020921856,"peringatan cuaca wilayah kalimantan selatan mei selengkapnya klik tautan "
1394566043956170752,"peringatan cuaca wilayah kalimantan mei selengkapnya klik tautan "
1394563666079408128,"peringatan cuaca wilayah kalimantan barat mei selengkapnya klik tautan "
1394558123650674688,"halo sobat bmkg peringatan cuaca mei "
1394553865102499840,"peringatan cuaca wilayah sulawesi barat mei selengkapnya klik tautan "
1394552583298043904,"peringatan cuaca wilayah kalimantan selatan mei selengkapnya klik tautan "
1394550728614502400,"peringatan cuaca wilayah jawa timur mei selengkapnya klik tautan "
1394549641916518400,"peringatan cuaca wilayah sulawesi tenggara mei selengkapnya klik tautan "
1394549638229749760,"peringatan cuaca wilayah kalimantan mei selengkapnya klik tautan "
1394549509653368832,"peringatan cuaca wilayah kepulauan bangka belitung mei selengkapnya klik tautan "
1394548778187689984,"peringatan cuaca wilayah riau mei selengkapnya klik tautan "
1394545720946954240,"peringatan cuaca wilayah kalimantan mei selengkapnya klik tautan "
1394537994791526400,"peringatan cuaca wilayah gorontalo mei selengkapnya klik tautan "
1394537172288499712,"peringatan cuaca wilayah kalimantan timur mei selengkapnya klik tautan "
1394534457319727104,"peringatan cuaca wilayah kalimantan mei selengkapnya klik tautan "
1394533959963316224,"peringatan cuaca wilayah maluku mei selengkapnya klik tautan "
1394530899706875904,"peringatan cuaca wilayah gorontalo mei selengkapnya klik tautan "
1394529412251492352,"peringatan cuaca wilayah kalimantan barat mei selengkapnya klik tautan "
1394526816266702848,"peringatan cuaca wilayah kalimantan mei selengkapnya klik tautan "
1394524595781132288,"halo sobat bmkg mari cek potensi curah hujan wilayah jabodetabek tanggal mei waspada sobat "
1394524526323503104,"halo sobat bmkg mari cek potensi curah hujan wilayah jabodetabek tanggal mei waspada sobat "
1394523918950494208,"peringatan cuaca wilayah kepulauan riau mei selengkapnya klik tautan "
1394523077921312768,"halo sobat bmkg mari cek potensi curah hujan wilayah indonesia tanggal mei waspada sobat "
1394523000750231552,"halo sobat bmkg mari cek potensi curah hujan wilayah indonesia tanggal mei waspada sobat "
1394521399461498880,"halo sobat bmkg mari berjemur yuk lihat prakiraan cuaca esok sd wib unduh aplikasi infobmkg appstore playstore "
1394521326891585536,"halo sobat bmkg mari berjemur yuk lihat prakiraan cuaca esok sd wib unduh aplikasi infobmkg appstore playstore "
1394518674715725824,"peringatan cuaca wilayah kalimantan selatan mei selengkapnya klik tautan "
1394513334087536640,"peringatan cuaca wilayah kalimantan timur mei selengkapnya klik tautan "
1394511546408062976,"peringatan cuaca wilayah kepulauan bangka belitung mei selengkapnya klik tautan "
1394505241895129088,"peringatan cuaca wilayah kalimantan mei selengkapnya klik tautan "
1394502570714882048,"peringatan cuaca wilayah gorontalo mei selengkapnya klik tautan "
1394499347870482432,"peringatan cuaca wilayah maluku mei selengkapnya klik tautan "
1394496323030700032,"peringatan cuaca wilayah kalimantan mei selengkapnya klik tautan "
1394494751089389568,"peringatan cuaca wilayah kepulauan riau mei selengkapnya klik tautan "
1394492097630068736,"peringatan cuaca wilayah gorontalo mei selengkapnya klik tautan "
1394485259035570176,"peringatan cuaca wilayah kepulauan bangka belitung mei selengkapnya klik tautan "
1394472648353083392,"peringatan cuaca wilayah nusa tenggara timur mei selengkapnya klik tautan "
1394463983512350720," prakiraan cuaca esok wilayah dki jakarta perkecamatan diakses link unduh aplikasi infobmkg appstore playstore "
1394463847658889216," prakiraan cuaca esok wilayah dki jakarta perkecamatan diakses link unduh aplikasi infobmkg appstore playstore "
1394452665216626688,"peringatan cuaca wilayah maluku mei selengkapnya klik tautan "
1394434103559090176,"peringatan cuaca wilayah sumatera barat mei selengkapnya klik tautan "
1394431104707284992,"peringatan cuaca wilayah maluku mei selengkapnya klik tautan "
1394430905674960896,"peringatan cuaca wilayah kepulauan bangka belitung mei selengkapnya klik tautan "
1394430449255030784,"peringatan cuaca wilayah lampung mei selengkapnya klik tautan "
1394428791015940096," dirasakan magnitudo kedalaman km mei wib koordinat lu bt pusat gempa darat km baratdaya tapanuli selatan dirasakan mmi ii padang sidempuan "
1394428707838652416," mag mei wib lok lu bt pusat gempa darat km baratdaya tapanuli selatan kedlmn km dirasakan mmi ii padang sidempuan "
1394420590992232448,"peringatan cuaca wilayah kepulauan riau mei selengkapnya klik tautan "
1394419983040450560,"peringatan cuaca wilayah sulawesi utara mei selengkapnya klik tautan "
1394406497325436928,"peringatan cuaca wilayah maluku mei selengkapnya klik tautan "
1394397827065778176,"peringatan cuaca wilayah sumatera barat mei selengkapnya klik tautan "
1394376927943663616,"peringatan cuaca wilayah jambi mei selengkapnya klik tautan "
1394372701708378112,"peringatan cuaca wilayah sulawesi utara mei selengkapnya klik tautan "
1394369121056280576,"peringatan cuaca wilayah maluku mei selengkapnya klik tautan "
1.394362957212e+18,"peringatan cuaca wilayah sumatera barat mei selengkapnya klik tautan "
1394360783308345344,"peringatan cuaca wilayah jawa barat mei selengkapnya klik tautan "
1394360319363846144,"update peringatan cuaca wilayah jawa barat tgl mei pkl wib prakirawan bmkg jawa barat "
1394353788425621504,"peringatan cuaca wilayah bengkulu mei selengkapnya klik tautan "
1394349787739131904,"update peringatan cuaca wilayah jabodetabek tgl mei pkl wib prakirawan bmkg pusat "
1394349680205594624,"peringatan cuaca wilayah jabodetabek mei selengkapnya klik tautan "
1394344381440614400,"peringatan cuaca wilayah sumatera barat mei selengkapnya klik tautan "
1394338050113560576,"update peringatan cuaca wilayah jawa tgl mei pkl wib prakirawan bmkg jawa "
1394333239712518144,"peringatan cuaca wilayah kepulauan bangka belitung mei selengkapnya klik tautan "
1394330299962593280,"peringatan cuaca wilayah kalimantan mei selengkapnya klik tautan "
1394326519497981952,"peringatan cuaca wilayah sulawesi utara mei selengkapnya klik tautan "
1394322070440349696,"peringatan cuaca wilayah maluku mei selengkapnya klik tautan "
1394321337783513088,"peringatan cuaca wilayah kalimantan mei selengkapnya klik tautan "
1394321023059730432,"peringatan cuaca wilayah kalimantan timur mei selengkapnya klik tautan "
1394318295600308224,"peringatan cuaca wilayah kepulauan bangka belitung mei selengkapnya klik tautan "
1394310888446840832,"peringatan cuaca wilayah lampung mei selengkapnya klik tautan "
1394309835953299456,"peringatan cuaca wilayah riau mei selengkapnya klik tautan "
1394305288065282048,"update peringatan cuaca wilayah jawa tgl mei pkl wib prakirawan bmkg jawa "
1394305238601854976,"peringatan cuaca wilayah bengkulu mei selengkapnya klik tautan "
1394300116538839040,"peringatan cuaca wilayah kalimantan mei selengkapnya klik tautan "
1394299265749450752,"peringatan cuaca wilayah kalimantan barat mei selengkapnya klik tautan "
1394293970784559104,"peringatan cuaca wilayah sulawesi mei selengkapnya klik tautan "
1394289518434414592,"peringatan cuaca wilayah sumatera barat mei selengkapnya klik tautan "
1394286981601914880,"peringatan cuaca wilayah jabodetabek mei selengkapnya klik tautan "
1394286845559599104,"update peringatan cuaca wilayah jabodetabek tgl mei pkl wib prakirawan bmkg pusat "
1394284822806228992,"peringatan cuaca wilayah kalimantan mei selengkapnya klik tautan "
1394284424884195328,"peringatan cuaca wilayah jambi mei selengkapnya klik tautan "
1394282727126421504,"peringatan cuaca wilayah banten mei selengkapnya klik tautan "
1394282656800468992,"peringatan cuaca wilayah kalimantan selatan mei selengkapnya klik tautan "
1394281412405067776,"update peringatan cuaca wilayah banten tgl mei pkl wib prakirawan bmkg banten "
1394279654840692736,"peringatan cuaca wilayah jabodetabek mei selengkapnya klik tautan "
1394279527048568832,"update peringatan cuaca wilayah jabodetabek tgl mei pkl wib prakirawan bmkg pusat "
1394277179974852608,"peringatan cuaca wilayah maluku mei selengkapnya klik tautan "
1394274487395184640,"peringatan cuaca wilayah bengkulu mei selengkapnya klik tautan "
1394270433516482560,"peringatan cuaca wilayah kalimantan mei selengkapnya klik tautan "
1394269969504825344,"update peringatan cuaca wilayah banten tgl mei pkl wib prakirawan bmkg banten "
1394268425938116608,"peringatan cuaca wilayah kalimantan barat mei selengkapnya klik tautan "
1394268225911672832," magnitudo kedalaman km mei wib koordinat lu bt km baratdaya niasbaratsumut berpotensi tsunami "
1394268221046362112," mag mei wib lok lu bt km baratdaya niasbaratsumut kedlmn km tdk berpotensi tsunami "
1394266208057233408,"peringatan cuaca wilayah lampung mei selengkapnya klik tautan "
1394265985524240384,"update peringatan cuaca wilayah jawa tgl mei pkl wib prakirawan bmkg jawa "
1394263272841302016,"peringatan cuaca wilayah jawa timur mei selengkapnya klik tautan "
1394250587349282816,"peringatan cuaca wilayah riau mei selengkapnya klik tautan "
1394250532668116992,"peringatan cuaca wilayah sumatera selatan mei selengkapnya klik tautan "
1394247589487276032,"peringatan cuaca wilayah bengkulu mei selengkapnya klik tautan "
1394245146888183808,"peringatan cuaca wilayah sumatera barat mei selengkapnya klik tautan "
1394244700459044864,"peringatan cuaca wilayah kalimantan mei selengkapnya klik tautan "
1394244331775660032,"peringatan cuaca wilayah jambi mei selengkapnya klik tautan "
1394238185006243840,"peringatan cuaca wilayah sulawesi tenggara mei selengkapnya klik tautan "
1394238098137960448,"peringatan cuaca wilayah jawa mei selengkapnya klik tautan "
1394237256211173376,"update peringatan cuaca wilayah jawa tgl mei pkl wib prakirawan bmkg jawa "
1394236573600796672,"peringatan cuaca wilayah papua barat mei selengkapnya klik tautan "
1394235583606657024,"peringatan cuaca wilayah kalimantan utara mei selengkapnya klik tautan "
1394235535363772416,"peringatan cuaca wilayah jabodetabek mei selengkapnya klik tautan "
1394233910934970368,"update peringatan cuaca wilayah jabodetabek tgl mei pkl wib prakirawan bmkg pusat "
1394232801084383232,"peringatan cuaca wilayah maluku mei selengkapnya klik tautan "
1394230466228592640,"peringatan cuaca wilayah kalimantan barat mei selengkapnya klik tautan "
1394227878460497920,"peringatan cuaca wilayah lampung mei selengkapnya klik tautan "
1394226169470328832,"peringatan cuaca wilayah sulawesi utara mei selengkapnya klik tautan "
1394225491620466688,"peringatan cuaca wilayah jambi mei selengkapnya klik tautan "
1394223631580889088,"peringatan cuaca wilayah sumatera selatan mei selengkapnya klik tautan "
1394222592962097152,"peringatan cuaca wilayah riau mei selengkapnya klik tautan "
1394222162655858688,"peringatan cuaca wilayah kepulauan bangka belitung mei selengkapnya klik tautan "
1394218543999164416,"peringatan cuaca wilayah kalimantan mei selengkapnya klik tautan "
1394218040980434944,"peringatan cuaca wilayah kalimantan mei selengkapnya klik tautan "
1394216364877828096,"peringatan cuaca wilayah banten mei selengkapnya klik tautan "
1394214870145409024,"peringatan cuaca wilayah kalimantan timur mei selengkapnya klik tautan "
1394214741346709504,"update peringatan cuaca wilayah banten tgl mei pkl wib prakirawan bmkg banten "
1394214247073124352,"peringatan cuaca wilayah kepulauan riau mei selengkapnya klik tautan "
1394210891520905216,"peringatan cuaca wilayah bengkulu mei selengkapnya klik tautan "
1394207055653736448,"peringatan cuaca wilayah sumatera barat mei selengkapnya klik tautan "
1394206195418681344,"peringatan cuaca wilayah sulawesi tenggara mei selengkapnya klik tautan "
1394204111856226304,"peringatan cuaca wilayah jawa timur mei selengkapnya klik tautan "
1394198876588937216,"peringatan cuaca wilayah kalimantan mei selengkapnya klik tautan "
1394198219559620608,"peringatan cuaca wilayah kepulauan riau mei selengkapnya klik tautan "
1394192978537684992,"peringatan cuaca wilayah kalimantan barat mei selengkapnya klik tautan "
1394191650474250240,"peringatan cuaca wilayah sumatera selatan mei selengkapnya klik tautan "
1394190742344536064,"peringatan cuaca wilayah lampung mei selengkapnya klik tautan "
1394189364398202880,"peringatan cuaca wilayah kalimantan mei selengkapnya klik tautan "
1394188513315233792,"peringatan cuaca wilayah maluku mei selengkapnya klik tautan "
1394186546840969216,"peringatan cuaca wilayah jabodetabek mei selengkapnya klik tautan "
1394186235699089408,"update peringatan cuaca wilayah jabodetabek tgl mei pkl wib prakirawan bmkg pusat "
1394185500093607936,"peringatan cuaca wilayah lampung mei selengkapnya klik tautan "
1394182153361969152,"peringatan cuaca wilayah sulawesi mei selengkapnya klik tautan "
1394181212751556608,""
1394181066278072320,"halo sobat bmkg mari cek potensi curah hujan wilayah indonesia tanggal mei waspada sobat "
1394177002349817856,"peringatan cuaca wilayah banten mei selengkapnya klik tautan "
1.394176741892e+18,"halo sobat bmkg tayangan prakiraan cuaca esok selasa mei informasi selengkapnya diakses unduh aplikasi info bmkg playstore appstore "
1394175977224249344,"update peringatan cuaca wilayah banten tgl mei pkl wib prakirawan bmkg banten "
1394175829727322112,"peringatan cuaca wilayah bengkulu mei selengkapnya klik tautan "
1394173763348877312,"peringatan cuaca wilayah sulawesi tenggara mei selengkapnya klik tautan "
1394172390716837888,"halo sobat bmkg peringatan cuaca mei "
1394169354338459648,""
1394169234784067584,"halo sobat bmkg mari cek potensi curah hujan wilayah jabodetabek tanggal mei waspada sobat "
1394168507776921600,""
1394168415795826688,"halo sobat bmkg mari berjemur yuk lihat prakiraan cuaca esok sd wib unduh aplikasi infobmkg appstore playstore "
1394167818061373440,"peringatan cuaca wilayah kalimantan timur mei selengkapnya klik tautan "
1394164960909922304,"peringatan cuaca wilayah kalimantan mei selengkapnya klik tautan "
1394164931340083200,"peringatan cuaca wilayah kalimantan selatan mei selengkapnya klik tautan "
1394164200507727872,"peringatan cuaca wilayah kalimantan mei selengkapnya klik tautan "
1394162681725132800,"peringatan cuaca wilayah kepulauan bangka belitung mei selengkapnya klik tautan "
1394157615907696640,"peringatan cuaca wilayah sumatera selatan mei selengkapnya klik tautan "
1394155813887827968,"peringatan cuaca wilayah kalimantan barat mei selengkapnya klik tautan "
1394148581536264192,"peringatan cuaca wilayah kalimantan selatan mei selengkapnya klik tautan "
1394144798156623872,"peringatan cuaca wilayah maluku mei selengkapnya klik tautan "
1394138490728697856,"peringatan cuaca wilayah kepulauan bangka belitung mei selengkapnya klik tautan "
1394130822119104512,"update peringatan cuaca wilayah jabodetabek tgl mei pkl wib prakirawan bmkg pusat "
1394130498973179904,"peringatan cuaca wilayah kalimantan mei selengkapnya klik tautan "
1394127258814533632," prakiraan cuaca pengendalian jalur transportasi darat periode idul fitri wilayah jawa berlaku besok pagi diakses "
1394126430724784128," prakiraan cuaca pengendalian jalur transportasi darat periode idul fitri wilayah papua berlaku besok pagi diakses "
1394125501803864064," prakiraan cuaca pengendalian jalur transportasi darat periode idul fitri wilayah maluku berlaku besok pagi diakses "
1394124493732278272," prakiraan cuaca pengendalian jalur transportasi darat periode idul fitri wilayah sulawesi berlaku besok pagi diakses "
1394123716171210752," prakiraan cuaca pengendalian jalur transportasi darat periode idul fitri wilayah bali nusa tenggara berlaku besok pagi diakses "
1394122429958553600,"peringatan cuaca wilayah sulawesi utara mei selengkapnya klik tautan "
1394121891934212096," prakiraan cuaca pengendalian jalur transportasi darat periode idul fitri wilayah kalimantan berlaku besok pagi diakses "
1394120186207240192,"peringatan cuaca wilayah gorontalo mei selengkapnya klik tautan "
1394119793192574976,"peringatan cuaca wilayah kalimantan selatan mei selengkapnya klik tautan "
1394117948990648320,"peringatan cuaca wilayah kepulauan riau mei selengkapnya klik tautan "
1394117444180987904," prakiraan cuaca pengendalian jalur transportasi darat periode idul fitri wilayah sumatera berlaku besok pagi diakses "
1394114570520694784,"peringatan cuaca wilayah maluku mei selengkapnya klik tautan "
1394110028563419136,"peringatan cuaca wilayah kepulauan riau mei selengkapnya klik tautan "
1394106758021324800,""
1394106754913378304,"peringatan cuaca wilayah sulawesi mei selengkapnya klik tautan "
1394106589913567232,"halo sobat bmkg mari berjemur yuk lihat prakiraan cuaca esok sd wib unduh aplikasi infobmkg appstore playstore "
1394104319453007872,"peringatan cuaca wilayah kepulauan bangka belitung mei selengkapnya klik tautan "
1394097906324365312,"peringatan cuaca wilayah sulawesi utara mei selengkapnya klik tautan "
1394089985863610368,"peringatan cuaca wilayah kalimantan mei selengkapnya klik tautan "
1394078706952335360,"peringatan cuaca wilayah kalimantan mei selengkapnya klik tautan "
1394077545474060288,"peringatan cuaca wilayah maluku mei selengkapnya klik tautan "
1394065418982096896,"peringatan cuaca wilayah jambi mei selengkapnya klik tautan "
1394061598814212096,"peringatan cuaca wilayah sulawesi utara mei selengkapnya klik tautan "
1394053611106172928,"peringatan cuaca wilayah bali mei selengkapnya klik tautan "
1394048113246048256,"peringatan cuaca wilayah kalimantan mei selengkapnya klik tautan "
1394020640256974848,"peringatan cuaca wilayah bali mei selengkapnya klik tautan "
1394020467925602304,"peringatan cuaca wilayah jambi mei selengkapnya klik tautan "
1394011490156310528,"peringatan cuaca wilayah kepulauan bangka belitung mei selengkapnya klik tautan "
1394009277736525824,"peringatan cuaca wilayah maluku mei selengkapnya klik tautan "
1394008649945681920,"peringatan cuaca wilayah kalimantan mei selengkapnya klik tautan "
1394003132770783232,"peringatan cuaca wilayah kalimantan mei selengkapnya klik tautan "
1394002998947246080,"peringatan cuaca wilayah bengkulu mei selengkapnya klik tautan "
1393989300094586880,"peringatan cuaca wilayah sulawesi tenggara mei selengkapnya klik tautan "
1393988301636308992,"peringatan cuaca wilayah bali mei selengkapnya klik tautan "
1393988030315126784,"peringatan cuaca wilayah jambi mei selengkapnya klik tautan "
1393985832483102720,"peringatan cuaca wilayah sumatera selatan mei selengkapnya klik tautan "
1393977178597978112,"peringatan cuaca wilayah sulawesi mei selengkapnya klik tautan "
1393974557602582528,"peringatan cuaca wilayah riau mei selengkapnya klik tautan "
1393973756461084672,"peringatan cuaca wilayah kalimantan timur mei selengkapnya klik tautan "
1393973439950561280,"peringatan cuaca wilayah gorontalo mei selengkapnya klik tautan "
1393969684001607680,"peringatan cuaca wilayah kepulauan bangka belitung mei selengkapnya klik tautan "
1393951557134086144,"peringatan cuaca wilayah kalimantan mei selengkapnya klik tautan "
1393948564158500864,"peringatan cuaca wilayah lampung mei selengkapnya klik tautan "
1393947241769955328,"peringatan cuaca wilayah bengkulu mei selengkapnya klik tautan "
1393947220680929280,"peringatan cuaca wilayah sumatera barat mei selengkapnya klik tautan "
1393946420940402688,"peringatan cuaca wilayah kalimantan utara mei selengkapnya klik tautan "
1393944664407871488,"peringatan cuaca wilayah gorontalo mei selengkapnya klik tautan "
1393935543323402240,"peringatan cuaca wilayah kalimantan mei selengkapnya klik tautan "
1393929320150618112,"peringatan cuaca wilayah sumatera selatan mei selengkapnya klik tautan "
1393929178404192256,"peringatan cuaca wilayah riau mei selengkapnya klik tautan "
1393927656526139392,"peringatan cuaca wilayah kalimantan barat mei selengkapnya klik tautan "
1393918261939478528,"halo sobat bmkg tayangan prakiraan cuaca esok senin mei informasi selengkapnya diakses unduh aplikasi info bmkg playstore appstore "
1393918016371392512,"peringatan cuaca wilayah kalimantan utara mei selengkapnya klik tautan "
1393916679755689984,"peringatan cuaca wilayah sulawesi utara mei selengkapnya klik tautan "
1393914797545066496,"peringatan cuaca wilayah sumatera barat mei selengkapnya klik tautan "
1393912827874660352,"peringatan cuaca wilayah gorontalo mei selengkapnya klik tautan "
1393908350014738432,"peringatan cuaca wilayah sulawesi mei selengkapnya klik tautan "
1393907003500621824,"peringatan cuaca wilayah jabodetabek mei selengkapnya klik tautan "
1393906947594719232,"update peringatan cuaca wilayah jabodetabek tgl mei pkl wib prakirawan bmkg pusat "
1393905509791453184,"peringatan cuaca wilayah jambi mei selengkapnya klik tautan "
1393901721223499776,"peringatan cuaca wilayah gorontalo mei selengkapnya klik tautan "
1393899220772392960,"peringatan cuaca wilayah kalimantan barat mei selengkapnya klik tautan "
1393899025582018560,"peringatan cuaca wilayah sumatera selatan mei selengkapnya klik tautan "
1393898984880566272,"peringatan cuaca wilayah bengkulu mei selengkapnya klik tautan "
1393898649298501632,"peringatan cuaca wilayah riau mei selengkapnya klik tautan "
1393895699251535872,"peringatan cuaca wilayah gorontalo mei selengkapnya klik tautan "
1393894999205433344,"peringatan cuaca wilayah kalimantan mei selengkapnya klik tautan "
1393890881401364480,"peringatan cuaca wilayah sulawesi tenggara mei selengkapnya klik tautan "
1393888624295366656,"peringatan cuaca wilayah sumatera barat mei selengkapnya klik tautan "
1393885617717608448,"peringatan cuaca wilayah maluku mei selengkapnya klik tautan "
1393883294689677312,"update peringatan cuaca wilayah jawa tgl mei pkl wib prakirawan bmkg jawa "
1393882586200494080,"peringatan cuaca wilayah sulawesi utara mei selengkapnya klik tautan "
1393880770800885760,"peringatan cuaca wilayah lampung mei selengkapnya klik tautan "
1393876147671212032,"peringatan cuaca wilayah jabodetabek mei selengkapnya klik tautan "
1393875344298364928,"update peringatan cuaca wilayah jabodetabek tgl mei pkl wib prakirawan bmkg pusat "
1393870977763713024,"peringatan cuaca wilayah jawa barat mei selengkapnya klik tautan "
1393870392645750784,"update peringatan cuaca wilayah jawa barat tgl mei pkl wib prakirawan bmkg jawa barat "
1393869651826778112,"peringatan cuaca wilayah kalimantan barat mei selengkapnya klik tautan "
1393867116361621504,"peringatan cuaca wilayah sumatera selatan mei selengkapnya klik tautan "
1393867002498805760,"peringatan cuaca wilayah kalimantan mei selengkapnya klik tautan "
1393862304517656576,"peringatan cuaca wilayah gorontalo mei selengkapnya klik tautan "
1393861267064975360,"peringatan cuaca wilayah riau mei selengkapnya klik tautan "
1393859288506912768,"peringatan cuaca wilayah sulawesi tenggara mei selengkapnya klik tautan "
1393856457142018048,"update peringatan cuaca wilayah jawa tgl mei pkl wib prakirawan bmkg jawa "
1393855196183154688,"peringatan cuaca wilayah bengkulu mei selengkapnya klik tautan "
1393853944435118080,"peringatan cuaca wilayah kepulauan bangka belitung mei selengkapnya klik tautan "
1393851951968706560,"peringatan cuaca wilayah lampung mei selengkapnya klik tautan "
1393851808057987072,"peringatan cuaca wilayah maluku mei selengkapnya klik tautan "
1393850655656218624,"peringatan cuaca wilayah banten mei selengkapnya klik tautan "
1393849640097771520,"peringatan cuaca wilayah sumatera barat mei selengkapnya klik tautan "
1393849513819840512,"update peringatan cuaca wilayah banten tgl mei pkl wib prakirawan bmkg banten "
1393847767945015296,"peringatan cuaca wilayah kalimantan selatan mei selengkapnya klik tautan "
1393839524740886528,"peringatan cuaca wilayah kalimantan barat mei selengkapnya klik tautan "
1393839214953828352,"peringatan cuaca wilayah gorontalo mei selengkapnya klik tautan "
1393837004480139264,"peringatan cuaca wilayah sulawesi utara mei selengkapnya klik tautan "
1393833316143431680,"peringatan cuaca wilayah jabodetabek mei selengkapnya klik tautan "
1393833186921127936,"peringatan cuaca wilayah gorontalo mei selengkapnya klik tautan "
1393831687214145536,"peringatan cuaca wilayah jambi mei selengkapnya klik tautan "
1393830881555468288,"update peringatan cuaca wilayah jabodetabek tgl mei pkl wib prakirawan bmkg pusat "
1393830478713540608,"peringatan cuaca wilayah sulawesi tenggara mei selengkapnya klik tautan "
1393830201818107904,"peringatan cuaca wilayah kepulauan riau mei selengkapnya klik tautan "
1393829467743678464,"halo sobat bmkg peringatan cuaca mei "
1393825842497613824,"peringatan cuaca wilayah kalimantan mei selengkapnya klik tautan "
1393818936437731328,"peringatan cuaca wilayah kalimantan selatan mei selengkapnya klik tautan "
1393818924605530112,"peringatan cuaca wilayah kepulauan bangka belitung mei selengkapnya klik tautan "
1393813982264266752,"peringatan cuaca wilayah riau mei selengkapnya klik tautan "
